Ticker,Current Price,ML 12M Target,Analyst Mean,Analyst High,AI vs Analyst Δ,AI Divergence %,Recommendation,Rec Score
AEGISVOPAK,216.53,363.1,306.33334,335.0,+18.5%,18.531009389967153,NONE,9.9
ATHERENERG,705.0,1036.77,838.1667,1000.0,+23.7%,23.694964259496352,NONE,9.9
TSFINV,382.05,558.25,0.0,0.0,N/A,0.0,NONE,9.9
GOKEX,647.3,940.21,987.3333,1150.0,-4.8%,-4.772785441349944,NONE,9.9
NEWGEN,487.8,700.9,845.0,1200.0,-17.1%,-17.053254437869825,NONE,9.9
ICIL,262.6,375.18,361.0,400.0,+3.9%,3.9279778393351816,BUY,1.66667
THELEELA,442.45,631.33,573.1111,605.0,+10.2%,10.158396862318682,NONE,9.9
EASEMYTRIP,7.99,11.4,0.0,0.0,N/A,0.0,NONE,9.9
CARTRADE,1775.5,2530.6,2928.4285,3513.0,-13.6%,-13.585050821626687,BUY,1.85714
KITEX,169.85,242.01,0.0,0.0,N/A,0.0,NONE,9.9
GANESHHOU,660.8,940.64,0.0,0.0,N/A,0.0,NONE,9.9
HEXT,466.6,661.43,698.0,840.0,-5.2%,-5.2392550143266545,BUY,2.4
IXIGO,166.4,235.5,282.5,320.0,-16.6%,-16.63716814159292,NONE,9.9
CEMPRO,569.0,804.31,819.5,834.0,-1.9%,-1.8535692495424103,NONE,9.9
ZAGGLE,222.83,312.43,480.0,480.0,-34.9%,-34.91041666666666,NONE,9.9
AWFIS,283.65,397.1,654.5714,800.0,-39.3%,-39.334349163437324,NONE,9.9
DCAL,171.8,239.9,0.0,0.0,N/A,0.0,NONE,9.9
WEBELSOLAR,54.45,75.89,0.0,0.0,N/A,0.0,NONE,9.9
IIFLCAPS,315.95,438.04,0.0,0.0,N/A,0.0,NONE,9.9
RELINFRA,85.87,118.95,0.0,0.0,N/A,0.0,NONE,9.9
INOXGREEN,162.25,224.65,0.0,0.0,N/A,0.0,NONE,9.9
DBREALTY,108.16,149.65,0.0,0.0,N/A,0.0,NONE,9.9
HINDCOPPER,576.0,796.88,730.0,730.0,+9.2%,9.161643835616438,STRONG BUY,1.0
AVANTIFEED,1290.3,1784.6,823.5,830.0,+116.7%,116.70916818457802,BUY,2.33333
OSWALPUMPS,304.95,421.72,585.5,720.0,-28.0%,-27.972672929120407,NONE,9.9
RTNINDIA,27.4,37.89,0.0,0.0,N/A,0.0,NONE,9.9
ABLBL,100.81,139.06,156.55556,185.0,-11.2%,-11.175304154001308,BUY,2.0
JKTYRE,477.75,658.94,567.3333,650.0,+16.1%,16.146892840593008,NONE,9.9
ENRIN,2972.7,4097.3,3071.0908,3700.0,+33.4%,33.41513705814235,HOLD,2.72727
JPPOWER,14.47,19.92,0.0,0.0,N/A,0.0,NONE,9.9
BALUFORGE,472.3,650.15,0.0,0.0,N/A,0.0,NONE,9.9
TARIL,304.2,418.57,398.5,463.0,+5.0%,5.03638644918444,NONE,9.9
STLTECH,172.45,237.26,159.0,200.0,+49.2%,49.220125786163514,NONE,9.9
REFEX,214.91,295.41,0.0,0.0,N/A,0.0,NONE,9.9
VESUVIUS,501.4,687.94,585.0,585.0,+17.6%,17.596581196581205,NONE,9.9
BELRISE,187.7,257.12,223.75,251.0,+14.9%,14.91396648044693,NONE,9.9
FIRSTCRY,214.5,293.75,338.2857,430.0,-13.2%,-13.165114576229506,BUY,2.28571
PURVA,191.32,261.76,441.0,482.0,-40.6%,-40.64399092970522,NONE,9.9
FSL,210.41,287.78,369.76923,420.0,-22.2%,-22.173080761749706,BUY,1.61538
THYROCARE,384.45,525.48,571.6667,640.0,-8.1%,-8.079305651352435,NONE,9.9
DATAMATICS,733.1,1001.31,920.0,920.0,+8.8%,8.838043478260865,NONE,9.9
PRAJIND,304.5,415.07,360.85715,430.0,+15.0%,15.023354809513961,BUY,2.28571
SHAKTIPUMP,502.7,685.21,0.0,0.0,N/A,0.0,NONE,9.9
IMFA,1242.4,1692.11,1860.0,1860.0,-9.0%,-9.026344086021512,STRONG BUY,1.0
JAIBALAJI,65.67,89.41,171.0,171.0,-47.7%,-47.71345029239767,NONE,9.9
DIACABS,137.0,186.4,0.0,0.0,N/A,0.0,NONE,9.9
SHARDACROP,1136.0,1544.83,1260.5,1405.0,+22.6%,22.55692185640618,NONE,9.9
VAIBHAVGBL,220.52,299.87,0.0,0.0,N/A,0.0,NONE,9.9
BLUEJET,384.65,522.62,499.16666,835.0,+4.7%,4.698498894136885,BUY,2.16667
JAMNAAUTO,143.42,194.67,185.0,185.0,+5.2%,5.22702702702702,NONE,9.9
RATEGAIN,493.75,668.93,719.875,875.0,-7.1%,-7.076923076923084,BUY,1.625
SKYGOLD,345.4,467.6,480.5,489.0,-2.7%,-2.684703433922992,NONE,9.9
ANGELONE,226.32,306.35,305.8889,340.0,+0.2%,0.15074100433197954,BUY,1.81818
KRN,918.55,1243.16,937.0,1054.0,+32.7%,32.674493062966924,NONE,9.9
ALLCARGO,8.05,10.89,40.66667,43.0,-73.2%,-73.22131367038412,NONE,9.9
LUMAXTECH,1663.9,2251.09,1741.8,2271.0,+29.2%,29.23929268572742,STRONG BUY,1.4
CSBBANK,381.4,515.99,436.66666,500.0,+18.2%,18.165650659017576,NONE,9.9
BSOFT,384.6,520.29,437.33334,530.0,+19.0%,18.968748186451993,HOLD,2.53333
RAIN,143.65,194.15,0.0,0.0,N/A,0.0,NONE,9.9
ARVIND,344.35,465.23,444.16666,494.0,+4.7%,4.7422154557931115,STRONG BUY,1.0
CIGNITITEC,1151.5,1555.64,0.0,0.0,N/A,0.0,NONE,9.9
GMDCLTD,551.45,744.89,231.0,231.0,+222.5%,222.46320346320348,UNDERPERFORM,4.0
WELSPUNLIV,124.37,167.89,164.0,189.0,+2.4%,2.371951219512187,BUY,1.58333
PGIL,1494.9,2016.8,2373.5,2447.0,-15.0%,-15.028439014114179,NONE,9.9
TVSSCS,112.66,151.88,137.0,137.0,+10.9%,10.861313868613136,NONE,9.9
HGINFRA,529.9,714.08,1184.0667,1900.0,-39.7%,-39.6925865747259,STRONG BUY,1.46667
IDEA,10.29,13.85,9.97095,15.1,+38.9%,38.903514710233225,HOLD,3.28571
ECLERX,3083.7,4150.12,5057.0,5700.0,-17.9%,-17.93316195372751,BUY,2.3
RELIGARE,210.44,283.16,0.0,0.0,N/A,0.0,NONE,9.9
SCHNEIDER,873.2,1174.59,985.0,1000.0,+19.2%,19.2477157360406,STRONG BUY,1.0
SWSOLAR,189.98,255.49,307.5,340.0,-16.9%,-16.91382113821138,NONE,9.9
ENGINERSIN,212.47,285.7,247.0,268.0,+15.7%,15.66801619433198,BUY,1.6
SANDUMA,206.71,277.6,0.0,0.0,N/A,0.0,NONE,9.9
LATENTVIEW,326.75,438.76,561.6667,630.0,-21.9%,-21.882497217655953,NONE,9.9
INDIACEM,397.8,534.04,376.75,600.0,+41.7%,41.7491705374917,NONE,9.9
GODFRYPHLP,2042.9,2742.37,0.0,0.0,N/A,0.0,NONE,9.9
JINDWORLD,23.88,32.05,0.0,0.0,N/A,0.0,NONE,9.9
SAFARI,1736.1,2328.65,2518.7,2850.0,-7.5%,-7.545559217056407,STRONG BUY,1.4
PCBL,295.05,395.61,368.0,651.0,+7.5%,7.502717391304352,NONE,9.9
JMFINANCIL,125.63,168.34,0.0,0.0,N/A,0.0,NONE,9.9
ASHOKA,128.67,172.41,191.85715,233.0,-10.1%,-10.136265445410816,NONE,9.9
RPOWER,22.98,30.79,0.0,0.0,N/A,0.0,NONE,9.9
LLOYDSENT,49.62,66.48,0.0,0.0,N/A,0.0,NONE,9.9
JWL,257.45,344.8,315.66666,376.0,+9.2%,9.229146974216421,BUY,2.33333
PARADEEP,114.54,153.3,167.5,200.0,-8.5%,-8.4776119402985,BUY,2.5
AVALON,989.7,1324.24,1068.7142,1328.0,+23.9%,23.909647686912006,NONE,9.9
ONESOURCE,1309.5,1751.18,1946.75,2200.0,-10.0%,-10.045974059329648,NONE,9.9
TDPOWERSYS,889.85,1189.68,900.5,911.0,+32.1%,32.11327040533038,NONE,9.9
GPIL,256.3,342.57,275.0,275.0,+24.6%,24.570909090909087,NONE,9.9
TEJASNET,484.7,647.5,0.0,0.0,N/A,0.0,NONE,9.9
RALLIS,262.55,350.67,263.66666,315.0,+33.0%,32.99747491776171,HOLD,2.83333
AURIONPRO,858.25,1146.17,1545.0,1880.0,-25.8%,-25.81423948220064,NONE,9.9
HIKAL,192.14,256.4,320.0,320.0,-19.9%,-19.875000000000007,NONE,9.9
ANUP,1557.8,2078.33,3000.0,3000.0,-30.7%,-30.722333333333335,NONE,9.9
INOXWIND,89.19,118.91,159.7143,281.0,-25.5%,-25.54830719603693,STRONG BUY,1.14286
EDELWEISS,112.59,149.68,0.0,0.0,N/A,0.0,NONE,9.9
TARC,143.45,190.71,300.0,300.0,-36.4%,-36.42999999999999,NONE,9.9
THOMASCOOK,100.08,133.03,167.5,180.0,-20.6%,-20.57910447761194,STRONG BUY,1.0
THANGAMAYL,3846.6,5112.4,4663.6665,5512.0,+9.6%,9.621903710310317,NONE,9.9
GALLANTT,568.25,755.07,0.0,0.0,N/A,0.0,NONE,9.9
BLS,266.65,354.22,389.0,389.0,-8.9%,-8.94087403598971,NONE,9.9
VTL,547.5,727.3,445.6,506.0,+63.2%,63.21813285457808,NONE,9.9
OLAELEC,24.08,31.97,30.75,45.0,+4.0%,3.9674796747967442,UNDERPERFORM,4.375
ENTERO,1024.9,1360.1,1410.5,1590.0,-3.6%,-3.5732009925558375,STRONG BUY,1.0
SONATSOFTW,260.25,345.28,378.42856,470.0,-8.8%,-8.759529143360647,NONE,9.9
SHAREINDIA,126.05,167.21,0.0,0.0,N/A,0.0,NONE,9.9
TMPV,370.6,491.48,381.4,470.0,+28.9%,28.862087047718944,HOLD,3.07692
SCI,256.15,339.66,0.0,0.0,N/A,0.0,NONE,9.9
MRPL,188.51,249.92,162.0,162.0,+54.3%,54.2716049382716,BUY,2.0
TEXRAIL,99.15,131.41,164.0,181.0,-19.9%,-19.871951219512198,NONE,9.9
GREAVESCOT,150.93,199.94,0.0,0.0,N/A,0.0,NONE,9.9
TBOTEK,1175.6,1556.9,1971.8889,2110.0,-21.0%,-21.04524752890489,STRONG BUY,1.0
MANAPPURAM,282.0,373.41,306.07144,355.0,+22.0%,22.00092893345424,HOLD,2.85714
JSWCEMENT,123.14,163.02,146.41667,173.0,+11.3%,11.339781187483638,BUY,1.78571
IFCI,56.34,74.57,0.0,0.0,N/A,0.0,NONE,9.9
NEOGEN,1380.9,1827.16,1769.5714,2761.0,+3.3%,3.2543812586482828,NONE,9.9
GRAPHITE,707.4,935.93,835.3333,971.0,+12.0%,12.042701996915476,STRONG BUY,1.0
TIMETECHNO,178.81,236.57,280.0,280.0,-15.5%,-15.51071428571429,NONE,9.9
COFORGE,1162.7,1536.7,1946.742,2500.0,-21.1%,-21.062986261148108,BUY,1.93333
HOMEFIRST,1096.8,1449.34,1370.05,1740.0,+5.8%,5.787380022626909,BUY,1.75
NATIONALUM,362.85,479.43,349.0909,425.0,+37.3%,37.33672232647716,NONE,9.9
ETERNAL,242.87,320.7,373.12903,506.0,-14.1%,-14.051179561129299,BUY,1.58065
JINDALSAW,178.4,235.51,262.5,290.0,-10.3%,-10.281904761904766,NONE,9.9
SHILPAMED,323.55,427.12,517.0,600.0,-17.4%,-17.384912959381044,NONE,9.9
SHAILY,1947.8,2571.23,3526.0,4000.0,-27.1%,-27.077992058990358,STRONG BUY,1.0
SENCO,307.0,405.21,503.16666,651.0,-19.5%,-19.468034706433055,BUY,1.66667
EMBDL,58.93,77.77,166.0,166.0,-53.2%,-53.15060240963856,NONE,9.9
KPRMILL,867.85,1145.27,1079.9,1287.0,+6.1%,6.053338272062217,BUY,1.7
COHANCE,303.2,400.09,512.6667,1150.0,-22.0%,-21.95904278549787,BUY,1.77778
AHLUCONT,752.55,992.94,996.0,1170.0,-0.3%,-0.3072289156626451,BUY,1.7
SIGNATURE,960.7,1267.55,1197.8,1409.0,+5.8%,5.823175822340958,STRONG BUY,1.0
MAXESTATES,401.65,529.84,661.5,760.0,-19.9%,-19.90325018896447,NONE,9.9
VIPIND,352.35,464.46,364.83334,482.0,+27.3%,27.307443996209322,UNDERPERFORM,3.71429
LTFOODS,380.2,501.05,451.0,500.0,+11.1%,11.09756097560976,NONE,9.9
KPIGREEN,361.8,476.49,0.0,0.0,N/A,0.0,NONE,9.9
MIDHANI,344.15,453.19,445.0,445.0,+1.8%,1.8404494382022467,STRONG BUY,1.0
PARKHOTELS,120.05,158.08,202.0,225.0,-21.7%,-21.742574257425737,NONE,9.9
CIEINDIA,467.05,614.84,533.5,620.0,+15.2%,15.246485473289603,BUY,2.0
IMAGICAA,41.43,54.54,70.0,70.0,-22.1%,-22.085714285714285,NONE,9.9
SAPPHIRE,196.61,258.76,284.45456,350.0,-9.0%,-9.032922516693008,BUY,2.04545
EIEL,152.59,200.78,346.0,346.0,-42.0%,-41.971098265895954,NONE,9.9
CONCORDBIO,1200.9,1579.29,1426.6666,1680.0,+10.7%,10.697902369060856,BUY,2.0
POONAWALLA,438.45,576.56,517.625,658.0,+11.4%,11.385655638734594,BUY,2.375
MARKSANS,171.34,225.27,225.0,240.0,+0.1%,0.12000000000000455,STRONG BUY,1.0
CGCL,158.48,208.32,218.75,240.0,-4.8%,-4.7680000000000025,STRONG BUY,1.5
CUB,277.35,364.56,311.4091,353.0,+17.1%,17.067869885626326,BUY,1.68182
BECTORFOOD,200.45,263.47,272.8889,320.0,-3.5%,-3.4515511623961075,STRONG BUY,1.33333
REDINGTON,262.85,345.44,313.75,330.0,+10.1%,10.100398406374502,NONE,9.9
ELECON,406.0,533.52,575.5,700.0,-7.3%,-7.294526498696789,NONE,9.9
EPIGRAL,870.55,1143.77,2000.0,2000.0,-42.8%,-42.8115,NONE,9.9
M&MFIN,366.0,480.86,377.0,450.0,+27.5%,27.54907161803714,BUY,2.36364
RAILTEL,293.55,385.65,257.5,290.0,+49.8%,49.766990291262125,NONE,9.9
HINDZINC,617.65,811.29,644.0,750.0,+26.0%,25.976708074534155,HOLD,2.75
SKIPPER,353.05,463.59,515.0,540.0,-10.0%,-9.982524271844664,NONE,9.9
LXCHEM,121.6,159.66,158.66667,201.0,+0.6%,0.6260483061754469,UNDERPERFORM,3.66667
GMRP&UI,113.14,148.55,166.5,170.0,-10.8%,-10.780780780780773,NONE,9.9
BLACKBUCK,572.6,751.78,742.7143,885.0,+1.2%,1.2206174029502317,NONE,9.9
HBLENGINE,664.7,872.52,0.0,0.0,N/A,0.0,NONE,9.9
GAEL,139.13,182.56,138.0,138.0,+32.3%,32.289855072463766,STRONG BUY,1.0
PNCINFRA,203.41,266.91,331.4375,400.0,-19.5%,-19.468979822741836,NONE,9.9
DCBBANK,181.34,237.82,218.66667,260.0,+8.8%,8.759144683549614,NONE,9.9
MAPMYINDIA,1010.0,1324.38,1624.6666,2330.0,-18.5%,-18.482967520843964,BUY,2.0
RATNAMANI,2385.9,3127.05,2746.8,3111.0,+13.8%,13.843381389252949,STRONG BUY,1.4
KNRCON,128.31,168.13,177.58824,340.0,-5.3%,-5.325938249064249,NONE,9.9
JSFB,368.7,483.04,490.0,510.0,-1.4%,-1.4204081632653018,NONE,9.9
ADANIPOWER,137.97,180.66,182.16667,187.0,-0.8%,-0.8270832419563985,STRONG BUY,1.16667
NBCC,89.36,117.01,124.5,139.0,-6.0%,-6.016064257028109,STRONG BUY,1.0
AIIL,454.35,594.86,0.0,0.0,N/A,0.0,NONE,9.9
LEMONTREE,113.97,149.21,176.63158,200.0,-15.5%,-15.524732327027818,STRONG BUY,1.26316
EMIL,96.15,125.82,148.7143,201.0,-15.4%,-15.394820807413955,STRONG BUY,1.28571
EQUITASBNK,61.68,80.71,76.55556,90.0,+5.4%,5.426699249538497,BUY,2.0
ADVENZYMES,295.4,386.52,370.0,370.0,+4.5%,4.46486486486486,NONE,9.9
IONEXCHANG,354.45,463.6,0.0,0.0,N/A,0.0,NONE,9.9
SAGILITY,38.84,50.8,64.0,74.0,-20.6%,-20.625000000000004,STRONG BUY,1.11111
ISGEC,869.55,1137.09,1885.0,1885.0,-39.7%,-39.67692307692308,NONE,9.9
AGI,530.55,693.5,1520.0,1520.0,-54.4%,-54.37499999999999,NONE,9.9
RHIM,417.4,545.47,628.6667,697.0,-13.2%,-13.233832808386378,STRONG BUY,1.0
ACMESOLAR,232.28,303.53,329.2857,350.0,-7.8%,-7.821687974910555,NONE,9.9
KRBL,330.5,431.76,0.0,0.0,N/A,0.0,NONE,9.9
GABRIEL,953.55,1245.41,1212.3334,1297.0,+2.7%,2.7283418901104346,STRONG BUY,1.0
BANCOINDIA,593.6,775.11,0.0,0.0,N/A,0.0,NONE,9.9
IFBIND,1081.2,1411.31,1473.6666,1670.0,-4.2%,-4.2313912794115085,NONE,9.9
IDFCFIRSTB,71.78,93.66,84.38889,105.0,+11.0%,10.98617365390159,HOLD,2.57895
TATAINVEST,640.95,836.31,0.0,0.0,N/A,0.0,NONE,9.9
HEG,572.25,746.65,705.0,750.0,+5.9%,5.907801418439713,STRONG BUY,1.0
KPITTECH,754.25,983.96,1212.8,1550.0,-18.9%,-18.868733509234822,BUY,2.15
ABFRL,65.94,86.01,79.23529,127.0,+8.6%,8.550116999634882,HOLD,3.11111
SUNFLAG,243.73,317.89,0.0,0.0,N/A,0.0,NONE,9.9
PCJEWELLER,9.36,12.21,0.0,0.0,N/A,0.0,NONE,9.9
UNIMECH,860.65,1122.23,1375.0,1375.0,-18.4%,-18.383272727272725,NONE,9.9
SYRMA,781.35,1018.77,937.5909,1100.0,+8.7%,8.65826449467459,BUY,1.54545
ALOKINDS,13.81,18.0,0.0,0.0,N/A,0.0,NONE,9.9
SWANCORP,368.8,480.56,0.0,0.0,N/A,0.0,NONE,9.9
KIRLOSENG,1405.5,1831.17,1471.8334,1600.0,+24.4%,24.41421698950439,NONE,9.9
OPTIEMUS,398.7,519.34,0.0,0.0,N/A,0.0,NONE,9.9
LTF,275.8,359.13,312.0,375.0,+15.1%,15.105769230769228,BUY,2.23529
SWIGGY,289.0,376.11,443.79166,740.0,-15.3%,-15.250773302048975,BUY,1.76
HERITGFOOD,311.55,405.44,513.3333,675.0,-21.0%,-21.018176689491995,NONE,9.9
NCC,149.37,194.35,211.6923,268.0,-8.2%,-8.192220501170802,NONE,9.9
DYNAMATECH,10307.0,13405.21,7700.0,7700.0,+74.1%,74.09363636363635,NONE,9.9
HCC,16.71,21.72,0.0,0.0,N/A,0.0,NONE,9.9
PRINCEPIPE,244.35,317.58,307.7143,367.0,+3.2%,3.206123342334108,BUY,2.14286
CREDITACC,1210.9,1572.47,1512.7858,1671.0,+3.9%,3.9453173079757833,BUY,1.64286
CYIENTDLM,303.2,393.7,426.77777,510.0,-7.8%,-7.750584103759666,NONE,9.9
TECHNOE,1149.2,1492.01,1650.0,1700.0,-9.6%,-9.575151515151516,NONE,9.9
IIFL,499.5,648.41,707.5,800.0,-8.4%,-8.35194346289753,NONE,9.9
MANINFRA,102.31,132.78,0.0,0.0,N/A,0.0,NONE,9.9
FIEMIND,2175.5,2823.34,2709.0,3050.0,+4.2%,4.2207456626061335,STRONG BUY,1.5
KARURVYSYA,315.3,409.11,317.5,390.0,+28.9%,28.85354330708662,STRONG BUY,1.26667
PREMIERENE,712.85,924.61,950.0,1340.0,-2.7%,-2.672631578947367,BUY,1.86667
KSCL,748.35,970.44,1122.5,1145.0,-13.5%,-13.546547884187078,NONE,9.9
UPL,622.85,807.66,820.5294,947.0,-1.6%,-1.5684264329833935,BUY,1.88889
IKS,1346.5,1746.03,1959.3334,2120.0,-10.9%,-10.886529061363422,BUY,1.66667
TRIDENT,24.44,31.69,33.0,33.0,-4.0%,-3.969696969696966,NONE,9.9
AARTIIND,432.95,561.3,499.2857,640.0,+12.4%,12.420604074981505,BUY,1.85714
HUDCO,181.74,235.62,300.0,300.0,-21.5%,-21.459999999999997,STRONG BUY,1.0
LLOYDSENGG,45.97,59.59,0.0,0.0,N/A,0.0,NONE,9.9
NETWEB,3705.0,4798.4,3863.0,4150.0,+24.2%,24.214341185607033,STRONG BUY,1.33333
IRCON,136.21,176.38,148.5,159.0,+18.8%,18.77441077441077,UNDERPERFORM,4.0
ASTRAMICRO,982.4,1271.87,1180.4,1455.0,+7.7%,7.749068112504218,STRONG BUY,1.4
VMM,117.23,151.74,157.5,190.0,-3.7%,-3.6571428571428513,BUY,1.64286
GRWRHITECH,4073.8,5271.85,2730.0,2730.0,+93.1%,93.10805860805861,NONE,9.9
HFCL,67.5,87.33,0.0,0.0,N/A,0.0,NONE,9.9
DBL,421.4,545.2,498.83334,572.0,+9.3%,9.295020256665287,HOLD,3.16667
INTELLECT,683.5,884.01,1080.0,1200.0,-18.1%,-18.147222222222222,NONE,9.9
PERSISTENT,4673.4,6043.48,6710.6855,8500.0,-9.9%,-9.942434345939771,BUY,2.37143
SBFC,93.78,121.25,125.14286,140.0,-3.1%,-3.110732805691031,STRONG BUY,1.14286
KTKBANK,203.04,262.52,231.0,259.0,+13.6%,13.645021645021638,NONE,9.9
BORORENEW,441.0,570.02,0.0,0.0,N/A,0.0,NONE,9.9
RCF,121.51,157.04,0.0,0.0,N/A,0.0,NONE,9.9
SANSERA,2229.9,2880.55,2253.5557,2520.0,+27.8%,27.822445214023343,NONE,9.9
USHAMART,420.95,543.62,559.0,600.0,-2.8%,-2.751341681574239,NONE,9.9
RVNL,299.45,386.68,240.33333,334.0,+60.9%,60.893206115023666,NONE,9.9
APARINDS,10694.0,13804.33,10694.857,12750.0,+29.1%,29.074470093429017,STRONG BUY,1.5
JSL,783.35,1011.15,876.0,1020.0,+15.4%,15.42808219178082,NONE,9.9
PATELENG,26.37,34.04,0.0,0.0,N/A,0.0,NONE,9.9
FORCEMOT,23380.0,30178.71,0.0,0.0,N/A,0.0,NONE,9.9
NAZARA,257.5,332.37,285.5,400.0,+16.4%,16.416812609457093,HOLD,2.8
NATCOPHARM,956.25,1234.18,976.63635,1480.0,+26.4%,26.370475561348915,HOLD,2.90909
OIL,488.05,629.85,507.7,755.0,+24.1%,24.05948394721293,BUY,2.2
ZEEL,84.19,108.65,109.42857,140.0,-0.7%,-0.7114869544580431,BUY,2.26667
SAIL,165.59,213.69,141.44444,200.0,+51.1%,51.076988250651645,HOLD,3.32143
ANANTRAJ,509.1,656.85,721.0,800.0,-8.9%,-8.897364771151176,NONE,9.9
MMTC,58.54,75.52,0.0,0.0,N/A,0.0,NONE,9.9
JISLJALEQS,35.52,45.82,0.0,0.0,N/A,0.0,NONE,9.9
DHANUKA,1011.9,1305.38,1438.5,1834.0,-9.3%,-9.254084115397976,NONE,9.9
SPARC,125.92,162.43,0.0,0.0,N/A,0.0,NONE,9.9
TANLA,441.55,569.26,733.0,760.0,-22.3%,-22.338335607094134,NONE,9.9
SAMHI,159.44,205.55,275.8,340.0,-25.5%,-25.4713560551124,STRONG BUY,1.0
GANECOS,752.1,969.51,1242.0,1474.0,-21.9%,-21.93961352657005,NONE,9.9
INDIAGLYCO,896.85,1155.97,0.0,0.0,N/A,0.0,NONE,9.9
POLYMED,1314.0,1693.64,1644.6666,2300.0,+3.0%,2.977709889651804,NONE,9.9
BHEL,262.15,337.88,258.0,375.0,+31.0%,30.96124031007752,NONE,9.9
ZYDUSWELL,378.95,488.33,514.1556,575.0,-5.0%,-5.022915242000683,NONE,9.9
HONASA,292.75,377.1,370.0,500.0,+1.9%,1.918918918918925,BUY,2.46154
SHARDAMOTR,896.25,1154.32,0.0,0.0,N/A,0.0,NONE,9.9
MAHLIFE,348.05,448.2,548.1667,700.0,-18.2%,-18.236551034566677,NONE,9.9
MOIL,295.0,379.86,388.66666,392.0,-2.3%,-2.2658645328621616,BUY,2.33333
CCL,1017.0,1309.34,1104.5,1330.0,+18.5%,18.545948392937976,BUY,1.7
IDBI,114.79,147.77,0.0,0.0,N/A,0.0,NONE,9.9
VEDL,723.35,931.07,808.7692,930.0,+15.1%,15.12184192968774,BUY,1.61538
ASAHIINDIA,850.85,1094.59,1050.0,1050.0,+4.2%,4.246666666666659,NONE,9.9
WABAG,1228.4,1579.34,1834.0,2208.0,-13.9%,-13.885496183206111,STRONG BUY,1.0
ELGIEQUIP,520.1,668.6,591.3333,645.0,+13.1%,13.066522720773548,NONE,9.9
GREENPANEL,203.36,261.41,298.75,399.0,-12.5%,-12.498744769874468,BUY,1.625
SUNTV,625.55,804.08,661.25,780.0,+21.6%,21.600000000000005,NONE,9.9
CEIGALL,275.15,353.67,306.0,345.0,+15.6%,15.578431372549026,NONE,9.9
TIPSMUSIC,534.75,687.34,647.6667,692.0,+6.1%,6.125573539599928,NONE,9.9
DEVYANI,122.55,157.46,160.6087,192.0,-2.0%,-1.9604791023151242,BUY,1.78261
RAYMONDLSL,867.3,1114.2,1426.5,1428.0,-21.9%,-21.892744479495267,NONE,9.9
ELECTCAST,67.83,87.13,61.0,61.0,+42.8%,42.83606557377048,NONE,9.9
NAUKRI,998.5,1282.47,1452.8636,1786.0,-11.7%,-11.728120933031834,BUY,1.95455
LLOYDSME,1210.5,1554.71,1703.3334,2100.0,-8.7%,-8.725443885501214,STRONG BUY,1.16667
SURYAROSNI,221.8,284.85,268.0,268.0,+6.3%,6.2873134328358296,NONE,9.9
NAM-INDIA,903.45,1160.25,997.6667,1130.0,+16.3%,16.296354283449574,NONE,9.9
CESC,153.49,197.11,206.23077,250.0,-4.4%,-4.422603862653469,STRONG BUY,1.30769
GPPL,172.19,221.12,176.25,215.0,+25.5%,25.458156028368794,NONE,9.9
ABREL,1255.9,1612.58,2166.0,2750.0,-25.6%,-25.55032317636196,NONE,9.9
PRICOLLTD,584.7,750.37,650.0,650.0,+15.4%,15.441538461538462,NONE,9.9
ACI,551.1,707.24,625.8571,779.0,+13.0%,13.003431614021807,BUY,2.14286
PTC,162.76,208.87,0.0,0.0,N/A,0.0,NONE,9.9
KSB,740.7,950.51,825.0,825.0,+15.2%,15.213333333333331,STRONG BUY,1.5
TRANSRAILL,537.2,689.22,950.0,950.0,-27.5%,-27.45052631578947,NONE,9.9
ZENSARTECH,568.4,729.22,797.0,1000.0,-8.5%,-8.504391468005016,BUY,2.16667
WAAREEENER,2643.3,3390.69,3422.7273,4400.0,-0.9%,-0.9360167256094274,BUY,2.25
NLCINDIA,252.45,323.83,324.0,324.0,-0.1%,-0.052469135802474046,NONE,9.9
AJAXENGG,478.9,614.19,733.0,850.0,-16.2%,-16.20873124147339,NONE,9.9
MANORAMA,1385.6,1776.9,1818.0,1900.0,-2.3%,-2.2607260726072558,NONE,9.9
INNOVACAP,664.3,851.88,891.5,918.0,-4.4%,-4.444195176668537,NONE,9.9
SAMMAANCAP,145.96,187.16,0.0,0.0,N/A,0.0,NONE,9.9
FINPIPE,180.35,231.18,205.6,260.0,+12.4%,12.441634241245142,BUY,2.33333
JKPAPER,345.15,442.37,480.5,574.0,-7.9%,-7.935483870967741,STRONG BUY,1.0
WESTLIFE,494.35,633.52,551.0,670.0,+15.0%,14.976406533575314,HOLD,2.57143
IRFC,99.34,127.25,64.0,64.0,+98.8%,98.828125,NONE,9.9
IREDA,115.93,148.49,150.0,150.0,-1.0%,-1.0066666666666606,NONE,9.9
CHENNPETRO,937.7,1200.98,0.0,0.0,N/A,0.0,NONE,9.9
SUNTECK,391.05,500.84,564.5,699.0,-11.3%,-11.277236492471218,STRONG BUY,1.08333
EPL,211.42,270.74,295.7143,350.0,-8.4%,-8.445415050946124,STRONG BUY,1.25
GARFIBRES,631.45,808.58,902.5,940.0,-10.4%,-10.40664819944598,NONE,9.9
KALYANKJIL,401.75,514.42,648.55554,770.0,-20.7%,-20.682197857719327,NONE,9.9
ABDL,471.0,603.07,696.3,800.0,-13.4%,-13.389343673703852,NONE,9.9
VGUARD,311.6,398.83,397.47058,455.0,+0.3%,0.3420177664470161,BUY,1.70588
MANYAVAR,374.2,478.91,553.2,700.0,-13.4%,-13.429139551699206,BUY,2.3
FACT,710.75,909.53,0.0,0.0,N/A,0.0,NONE,9.9
JUBLINGREA,568.9,727.78,919.5,1100.0,-20.9%,-20.85046220772159,STRONG BUY,1.33333
PRUDENT,2301.8,2944.08,2847.5,3175.0,+3.4%,3.39174714661984,NONE,9.9
TI,428.7,548.3,560.5,600.0,-2.2%,-2.1766280107047358,STRONG BUY,1.0
MCX,2501.2,3198.2,2851.0908,3250.0,+12.2%,12.174610503460636,BUY,1.63636
NUVAMA,1206.5,1542.62,1750.125,2130.0,-11.9%,-11.856581672737668,STRONG BUY,1.0
YESBANK,20.18,25.8,20.27273,28.0,+27.3%,27.264556870238994,UNDERPERFORM,4.18182
FDC,372.05,475.55,0.0,0.0,N/A,0.0,NONE,9.9
UJJIVANSFB,57.28,73.21,71.5625,80.0,+2.3%,2.302183406113528,NONE,9.9
ROUTE,489.3,625.07,766.25,900.0,-18.4%,-18.424796084828703,NONE,9.9
IEX,121.52,155.24,144.63635,285.0,+7.3%,7.33124833418433,NONE,9.9
EUREKAFORB,458.2,585.11,699.8182,830.0,-16.4%,-16.391142728211417,NONE,9.9
SAILIFE,996.35,1272.18,1154.3334,1318.0,+10.2%,10.209060917755657,STRONG BUY,1.33333
PAYTM,1059.4,1352.49,1396.7222,1660.0,-3.2%,-3.166857375074293,BUY,1.83333
NEULANDLAB,13096.0,16714.75,18865.25,20836.0,-11.4%,-11.39926584593366,NONE,9.9
WAAREERTL,833.35,1063.43,0.0,0.0,N/A,0.0,NONE,9.9
KANSAINER,196.31,250.38,250.3125,332.0,+0.0%,0.026966292134829643,HOLD,2.8125
IGIL,325.7,415.28,439.25,476.0,-5.5%,-5.457029026750149,NONE,9.9
EIHOTEL,312.55,398.44,0.0,0.0,N/A,0.0,NONE,9.9
ADANIENSOL,972.3,1239.48,1123.8334,1172.0,+10.3%,10.290368661404798,STRONG BUY,1.16667
ADANIGREEN,903.55,1151.6,1220.5,1522.0,-5.6%,-5.645227365833682,STRONG BUY,1.375
UCOBANK,28.59,36.44,0.0,0.0,N/A,0.0,NONE,9.9
PGEL,617.3,786.68,719.6667,835.0,+9.3%,9.31171332507117,BUY,1.55556
ITI,260.5,331.86,0.0,0.0,N/A,0.0,NONE,9.9
PRSMJOHNSN,126.57,161.23,151.0,162.0,+6.8%,6.774834437086086,BUY,2.5
PPLPHARMA,152.81,194.63,204.6,285.0,-4.9%,-4.872922776148582,NONE,9.9
SARDAEN,544.7,693.73,0.0,0.0,N/A,0.0,NONE,9.9
FINCABLES,946.45,1205.39,1060.3334,1225.0,+13.7%,13.680282069771652,STRONG BUY,1.0
CANFINHOME,821.4,1046.0,1077.3572,1200.0,-2.9%,-2.910566708980079,BUY,1.57143
DATAPATTNS,3204.3,4080.35,3527.875,3800.0,+15.7%,15.660277078978135,STRONG BUY,1.25
DEEPAKFERT,979.35,1246.83,1673.3334,2000.0,-25.5%,-25.48824998054781,STRONG BUY,1.0
SAREGAMA,328.8,418.58,494.25,600.0,-15.3%,-15.31006575619626,NONE,9.9
JYOTHYLAB,245.8,312.9,308.83334,395.0,+1.3%,1.3167814070851147,NONE,9.9
TRIVENI,395.4,503.31,505.0,582.0,-0.3%,-0.33465346534653423,STRONG BUY,1.5
BALAMINES,1067.0,1358.02,1447.5,1561.0,-6.2%,-6.181692573402419,NONE,9.9
CENTURYPLY,729.75,927.82,875.65,1027.0,+6.0%,5.95785987552105,BUY,1.95
HAPPSTMNDS,347.85,442.18,580.7143,670.0,-23.9%,-23.85584443159054,NONE,9.9
TECHM,1345.4,1710.24,1741.0,2350.0,-1.8%,-1.766800689259046,BUY,2.475
SOBHA,1359.6,1727.75,1878.7142,2459.0,-8.0%,-8.035506411778858,STRONG BUY,1.42857
MSUMI,42.25,53.67,52.69231,62.0,+1.9%,1.8554699917312463,NONE,9.9
MTARTECH,3743.0,4754.77,4257.25,4810.0,+11.7%,11.686417288155509,STRONG BUY,1.0
MUTHOOTFIN,3471.9,4409.25,4110.0,4750.0,+7.3%,7.281021897810219,HOLD,2.75
SOUTHBANK,40.6,51.56,44.2,61.0,+16.7%,16.651583710407238,NONE,9.9
JYOTICNC,803.1,1019.65,1050.0,1050.0,-2.9%,-2.8904761904761926,NONE,9.9
MINDACORP,540.8,686.58,693.5,775.0,-1.0%,-0.9978370583994173,NONE,9.9
VARROC,525.25,666.8,674.6,830.0,-1.2%,-1.1562407352505288,NONE,9.9
UNIONBANK,198.13,251.48,198.4,240.0,+26.8%,26.75403225806451,BUY,1.73333
ORCHPHARMA,600.1,761.64,949.3333,1003.0,-19.8%,-19.771064598703113,NONE,9.9
ARVINDFASN,440.05,558.32,697.0,786.0,-19.9%,-19.896700143472014,STRONG BUY,1.16667
GODREJIND,961.85,1220.35,0.0,0.0,N/A,0.0,NONE,9.9
SYMPHONY,795.65,1009.43,1115.5714,1277.0,-9.5%,-9.514532193994942,NONE,9.9
VMART,554.1,702.84,848.125,1226.0,-17.1%,-17.13014001473839,STRONG BUY,1.13333
GODREJAGRO,607.9,771.07,784.0,925.0,-1.6%,-1.6492346938775448,NONE,9.9
SUBROS,752.1,953.92,956.5,1105.0,-0.3%,-0.26973340303189136,NONE,9.9
CYIENT,899.5,1140.65,1255.3,1655.0,-9.1%,-9.13327491436309,HOLD,2.6
V2RETAIL,1940.4,2460.42,2293.0,2293.0,+7.3%,7.301351940689056,NONE,9.9
KIMS,718.15,910.6,783.5333,931.0,+16.2%,16.217140994518033,STRONG BUY,1.4375
NFL,73.19,92.76,0.0,0.0,N/A,0.0,NONE,9.9
MOTILALOFS,717.5,909.3,1058.75,1110.0,-14.1%,-14.115702479338848,NONE,9.9
GATEWAY,56.8,71.97,88.33333,109.0,-18.5%,-18.52452522734058,STRONG BUY,1.11111
PNGJL,528.6,669.74,814.6667,860.0,-17.8%,-17.789692398130423,NONE,9.9
WIPRO,198.57,251.56,259.2619,330.0,-3.0%,-2.97070259841497,HOLD,3.21429
WOCKPHARMA,1310.0,1659.57,0.0,0.0,N/A,0.0,NONE,9.9
HEMIPROP,139.98,177.32,0.0,0.0,N/A,0.0,NONE,9.9
BSE,2643.6,3348.76,3114.6191,3760.0,+7.5%,7.517481030023874,BUY,2.0
HCG,559.95,709.29,761.1429,900.0,-6.8%,-6.812505247043635,STRONG BUY,1.0
SYNGENE,412.25,521.89,626.25,835.0,-16.7%,-16.66427145708583,HOLD,2.625
AETHER,932.15,1179.97,1154.2,1241.0,+2.2%,2.232715300641135,NONE,9.9
SJVN,70.24,88.91,84.66667,97.0,+5.0%,5.011806889298942,NONE,9.9
MASTEK,1558.8,1972.7,2891.0,3320.0,-31.8%,-31.764095468695952,STRONG BUY,1.4
KAJARIACER,935.6,1183.93,1135.7037,1600.0,+4.2%,4.24638045997385,BUY,1.88889
DCMSHRIRAM,1013.1,1281.99,0.0,0.0,N/A,0.0,NONE,9.9
YATHARTH,681.2,861.92,941.6667,1050.0,-8.5%,-8.46867580641856,STRONG BUY,1.0
AARTIPHARM,705.75,892.85,0.0,0.0,N/A,0.0,NONE,9.9
JUSTDIAL,549.1,694.62,1035.7142,1200.0,-32.9%,-32.93323582895744,NONE,9.9
RAMCOCEM,1099.9,1391.26,1062.9354,1394.0,+30.9%,30.88848108737369,HOLD,3.28125
AZAD,1677.0,2121.1,1945.0,2200.0,+9.1%,9.05398457583547,STRONG BUY,1.2
SUDARSCHEM,858.95,1085.72,1219.4286,1420.0,-11.0%,-10.964856819005224,BUY,2.0
AFFLE,1357.8,1716.15,2010.0,2280.0,-14.6%,-14.619402985074622,NONE,9.9
ASHOKLEY,209.01,264.12,203.54167,250.0,+29.8%,29.762126841152476,BUY,2.02703
JUBLPHARMA,850.35,1074.53,1312.5,1325.0,-18.1%,-18.13104761904762,NONE,9.9
JBMA,527.3,666.21,0.0,0.0,N/A,0.0,NONE,9.9
RELAXO,330.05,416.93,402.3,430.0,+3.6%,3.636589609743971,HOLD,3.4
STAR,842.45,1064.2,1083.3334,1228.0,-1.8%,-1.7661598913132317,NONE,9.9
POLYPLEX,839.9,1060.79,0.0,0.0,N/A,0.0,NONE,9.9
CELLO,423.35,534.66,586.5714,640.0,-8.8%,-8.849971205551459,BUY,1.71429
SUZLON,40.95,51.71,65.45455,78.0,-21.0%,-20.998616597318286,STRONG BUY,1.18182
CAMPUS,250.05,315.71,309.42856,371.0,+2.0%,2.0300130020318665,NONE,9.9
ORIENTCEM,150.54,190.07,207.0,240.0,-8.2%,-8.17874396135266,NONE,9.9
BIRLACORPN,936.3,1182.12,1339.5385,1650.0,-11.8%,-11.75169657311083,BUY,1.57143
ANURAS,1217.7,1537.39,976.4286,1680.0,+57.5%,57.450324580824464,UNDERPERFORM,3.57143
HSCL,457.45,577.46,470.0,470.0,+22.9%,22.86382978723405,NONE,9.9
ASTERDM,644.6,813.63,697.625,860.0,+16.6%,16.62856118975094,STRONG BUY,1.375
WELENT,469.85,593.04,509.0,509.0,+16.5%,16.51080550098231,NONE,9.9
GVT&D,3772.4,4761.26,3828.5557,4600.0,+24.4%,24.361779560892906,STRONG BUY,1.33333
GUJGASLTD,398.05,502.35,440.7857,600.0,+14.0%,13.966945842390077,HOLD,2.75
RKFORGE,556.05,701.67,684.1667,1111.0,+2.6%,2.558338486804454,NONE,9.9
APOLLOTYRE,440.4,555.61,562.7083,620.0,-1.3%,-1.2614528699861003,NONE,9.9
TATASTEEL,211.01,266.21,211.65625,240.0,+25.8%,25.774693636497847,BUY,2.25
BANKINDIA,172.3,217.35,165.5,190.0,+31.3%,31.329305135951657,BUY,1.83333
PRESTIGE,1377.3,1737.28,1912.7727,2380.0,-9.2%,-9.174780673103502,NONE,9.9
AUBANK,951.25,1199.68,1040.24,1250.0,+15.3%,15.327232177189885,HOLD,2.52
APTUS,238.29,300.51,365.8,475.0,-17.8%,-17.84855112083106,BUY,1.53333
RTNPOWER,7.99,10.07,0.0,0.0,N/A,0.0,NONE,9.9
NYKAA,259.1,326.66,267.91666,325.0,+21.9%,21.9259750401487,HOLD,2.70833
IRB,39.94,50.35,57.6,72.0,-12.6%,-12.586805555555555,BUY,1.83333
BDL,1268.0,1598.4,1539.7273,1965.0,+3.8%,3.8105903558376912,HOLD,2.63636
FIVESTAR,407.8,514.06,641.7,765.0,-19.9%,-19.890914757674942,NONE,9.9
JKIL,510.9,643.98,799.8,927.0,-19.5%,-19.482370592648156,NONE,9.9
KIRLPNU,1145.1,1443.13,1456.3334,1557.0,-0.9%,-0.9066193221964061,NONE,9.9
NSLNISP,39.86,50.23,0.0,0.0,N/A,0.0,NONE,9.9
AUROPHARMA,1210.4,1525.25,1345.1852,1640.0,+13.4%,13.385874301917694,BUY,1.92308
VSTIND,229.0,288.54,0.0,0.0,N/A,0.0,NONE,9.9
ALIVUS,914.35,1151.87,1214.25,1382.0,-5.1%,-5.137327568457905,NONE,9.9
CROMPTON,253.45,319.28,335.0606,410.0,-4.7%,-4.709774888482874,STRONG BUY,1.24242
PFC,406.2,511.65,496.15384,560.0,+3.1%,3.1232570930016332,STRONG BUY,1.23077
INDIASHLTR,727.15,915.9,1052.6666,1125.0,-13.0%,-12.992394743026903,NONE,9.9
SUPRIYA,635.6,800.54,940.0,1030.0,-14.8%,-14.836170212765962,STRONG BUY,1.5
EMCURE,1445.3,1820.21,1794.8334,1932.0,+1.4%,1.4138693875431587,NONE,9.9
AADHARHFC,452.6,569.95,629.375,650.0,-9.4%,-9.44190665342601,NONE,9.9
ABCAPITAL,338.1,425.74,399.58334,450.0,+6.5%,6.545983623841771,NONE,9.9
HINDPETRO,424.5,534.48,521.0323,705.0,+2.6%,2.580972427237247,BUY,1.96774
BAJAJELEC,361.25,454.83,459.86667,722.0,-1.1%,-1.0952457154592254,HOLD,2.73333
CANBK,153.56,193.33,159.34212,175.0,+21.3%,21.330129158567754,BUY,1.94737
RRKABEL,1531.8,1928.38,1876.0,2200.0,+2.8%,2.792110874200432,STRONG BUY,1.18182
KFINTECH,936.0,1178.3,1304.3334,1600.0,-9.7%,-9.662667535769614,STRONG BUY,1.44444
RENUKA,23.48,29.56,0.0,0.0,N/A,0.0,NONE,9.9
IPCALAB,1513.0,1904.4,1644.7778,1750.0,+15.8%,15.784636684663425,BUY,1.76471
SFL,554.25,697.54,700.0,700.0,-0.4%,-0.35142857142857664,NONE,9.9
AEGISLOG,677.85,853.08,862.3333,1030.0,-1.1%,-1.0730537716680972,BUY,1.8
CEATLTD,3459.6,4353.68,4313.9443,4900.0,+0.9%,0.9210990508152871,NONE,9.9
GMMPFAUDLR,910.55,1145.62,2200.0,2200.0,-47.9%,-47.92636363636364,NONE,9.9
PARAS,670.85,843.96,0.0,0.0,N/A,0.0,NONE,9.9
NESCO,1095.1,1377.58,1289.0,1289.0,+6.9%,6.871993793638474,NONE,9.9
360ONE,1074.7,1351.46,1396.7273,1700.0,-3.2%,-3.240954766188073,NONE,9.9
NIACL,142.52,179.17,193.33333,250.0,-7.3%,-7.3258604711355275,NONE,9.9
BRIGADE,678.6,852.9,1067.2142,1250.0,-20.1%,-20.081648089015303,NONE,9.9
POLICYBZR,1468.9,1846.18,1938.0834,2300.0,-4.7%,-4.741973436230862,BUY,2.125
NAVINFLUOR,6269.0,7878.7,6960.885,8270.0,+13.2%,13.185320544729578,BUY,2.11538
HINDALCO,940.0,1181.36,940.1786,1210.0,+25.7%,25.652721727552613,HOLD,2.7037
BEML,1650.2,2073.89,2042.6666,2246.0,+1.5%,1.5285607548485816,NONE,9.9
KPIL,1177.0,1479.1,1445.4445,1570.0,+2.3%,2.328384106065632,STRONG BUY,1.05882
ABSLAMC,876.4,1101.35,910.7692,1020.0,+20.9%,20.92525746369113,NONE,9.9
AKUMS,474.45,596.2,673.3333,730.0,-11.5%,-11.455441161160449,STRONG BUY,1.0
PNB,126.05,158.37,131.76471,150.0,+20.2%,20.191514101158038,HOLD,2.70588
NAVA,576.75,724.56,0.0,0.0,N/A,0.0,NONE,9.9
TRITURBINE,467.0,586.64,622.3333,840.0,-5.7%,-5.735399343085132,BUY,1.55556
NETWORK18,33.34,41.88,0.0,0.0,N/A,0.0,NONE,9.9
IOC,179.11,224.93,186.80646,225.0,+20.4%,20.408041563444872,BUY,2.12903
LODHA,966.2,1213.33,1324.1666,1615.0,-8.4%,-8.37029117031045,NONE,9.9
TEAMLEASE,1195.2,1500.64,2084.5,3570.0,-28.0%,-28.009594627008873,STRONG BUY,1.25
OLECTRA,941.3,1181.85,1732.0,1732.0,-31.8%,-31.763856812933035,NONE,9.9
UNOMINDA,1140.4,1431.06,1329.0526,1575.0,+7.7%,7.675196602451999,BUY,2.41176
VENTIVE,711.4,892.7,888.8,1000.0,+0.4%,0.4387938793879491,NONE,9.9
AFCONS,284.3,356.75,416.77777,484.0,-14.4%,-14.402824315701862,NONE,9.9
CENTRALBK,38.74,48.61,0.0,0.0,N/A,0.0,NONE,9.9
WELCORP,817.65,1025.99,1073.0,1160.0,-4.4%,-4.381174277726001,NONE,9.9
AGARWALEYE,448.2,562.39,534.3333,568.0,+5.3%,5.250786353760841,NONE,9.9
STARCEMENT,205.42,257.71,288.36365,375.0,-10.6%,-10.630205991635917,BUY,1.63636
PVRINOX,1016.4,1275.07,1322.5,1920.0,-3.6%,-3.5863894139886625,BUY,1.72222
TTML,39.87,50.01,0.0,0.0,N/A,0.0,NONE,9.9
ONGC,282.2,353.85,281.80646,335.0,+25.6%,25.56490010910325,BUY,2.32258
BANDHANBNK,177.66,222.74,166.25,225.0,+34.0%,33.97894736842106,BUY,2.5
GSFC,164.66,206.44,185.0,185.0,+11.6%,11.589189189189188,NONE,9.9
GRANULES,574.4,720.01,654.8571,700.0,+9.9%,9.949178225295267,BUY,1.57143
RITES,203.92,255.57,282.4,296.0,-9.5%,-9.500708215297445,NONE,9.9
MPHASIS,2255.5,2826.05,3095.6287,3521.0,-8.7%,-8.708366736617993,BUY,1.94286
QUESS,191.8,240.29,297.875,402.0,-19.3%,-19.331934536298785,NONE,9.9
SUNDRMFAST,846.95,1061.01,1222.25,1576.0,-13.2%,-13.192063816731439,NONE,9.9
CHALET,784.5,982.77,1103.25,1250.0,-10.9%,-10.920462270564244,STRONG BUY,1.23529
ASKAUTOLTD,400.1,501.21,596.6,630.0,-16.0%,-15.98893731143145,NONE,9.9
INFY,1288.9,1614.46,1763.122,2076.0,-8.4%,-8.431747774686041,BUY,1.85366
IGL,166.79,208.92,211.65517,255.0,-1.3%,-1.292276489159235,BUY,1.75862
BEL,453.95,568.21,483.84616,565.0,+17.4%,17.43608753658395,BUY,1.96154
SONACOMS,517.25,647.44,550.06665,623.0,+17.7%,17.702100281847677,NONE,9.9
POWERMECH,2000.4,2503.6,2644.0,2688.0,-5.3%,-5.310136157337371,STRONG BUY,1.0
PETRONET,308.65,386.25,323.6129,432.0,+19.4%,19.35556339070537,BUY,2.35484
GESHIP,1326.4,1659.78,1552.0,1566.0,+6.9%,6.944587628865978,NONE,9.9
GMRAIRPORT,96.49,120.73,113.83333,130.0,+6.1%,6.058568259401706,STRONG BUY,1.33333
CHOICEIN,709.25,887.42,0.0,0.0,N/A,0.0,NONE,9.9
TEGA,1759.2,2200.92,1994.0,2162.0,+10.4%,10.377131394182552,NONE,9.9
TATACOMM,1544.5,1931.85,1981.8,2250.0,-2.5%,-2.520435967302455,BUY,2.0
RBLBANK,313.15,391.67,342.55557,410.0,+14.3%,14.337653303958838,BUY,2.22222
LUXIND,886.95,1109.19,1159.0,1159.0,-4.3%,-4.297670405521997,STRONG BUY,1.0
ADANIPORTS,1470.3,1838.44,1838.7273,1960.0,-0.0%,-0.015624937966601096,STRONG BUY,1.13636
CHOLAFIN,1703.7,2130.15,1815.3823,2125.0,+17.3%,17.33892084328464,BUY,2.0
KSL,730.15,912.68,0.0,0.0,N/A,0.0,NONE,9.9
MAHABANK,71.98,89.97,74.33333,80.0,+21.0%,21.035879867079807,NONE,9.9
MSTCLTD,450.25,562.65,0.0,0.0,N/A,0.0,NONE,9.9
SHRIPISTON,3076.0,3841.86,4650.0,4650.0,-17.4%,-17.379354838709673,STRONG BUY,1.0
UTIAMC,967.0,1207.56,1236.5,1530.0,-2.3%,-2.34047715325516,NONE,9.9
BPCL,374.8,467.88,420.90625,530.0,+11.2%,11.160145519340707,BUY,1.84375
GSPL,299.15,373.42,322.73334,445.0,+15.7%,15.705430371711834,HOLD,2.66667
INDIANB,976.65,1219.0,1000.25,1200.0,+21.9%,21.869532616845788,BUY,1.54545
FEDERALBNK,294.95,368.12,294.65625,325.0,+24.9%,24.93201824159508,BUY,1.6129
JSWENERGY,481.3,600.5,569.2941,700.0,+5.5%,5.481507712797312,BUY,1.88235
NUVOCO,317.75,396.44,434.35294,560.0,-8.7%,-8.72860213631799,BUY,1.83333
ZENTEC,1345.4,1678.47,1654.0,2150.0,+1.5%,1.4794437726723113,NONE,9.9
GRINFRA,924.15,1152.89,1373.75,1690.0,-16.1%,-16.077161055504995,NONE,9.9
VOLTAS,1499.1,1869.68,1431.4572,1900.0,+30.6%,30.61375499036925,HOLD,2.64706
CMSINFO,301.45,375.73,432.2,605.0,-13.1%,-13.065710319296617,STRONG BUY,1.4
ERIS,1360.4,1695.6,1743.6,1940.0,-2.8%,-2.752924982794219,STRONG BUY,1.3
ITCHOTELS,172.52,214.96,237.4,260.0,-9.5%,-9.452401010951979,STRONG BUY,1.4
BANKBARODA,315.2,392.72,332.63635,370.0,+18.1%,18.062863544528444,BUY,1.69697
CAMS,651.3,811.42,841.6111,1000.0,-3.6%,-3.5872982188566676,NONE,9.9
INDGN,479.95,597.87,603.0,690.0,-0.9%,-0.8507462686567155,BUY,1.85714
BALRAMCHIN,458.25,570.82,624.2857,673.0,-8.6%,-8.564299967146448,NONE,9.9
COCHINSHIP,1448.9,1804.52,1150.5,1471.0,+56.8%,56.84658843980878,NONE,9.9
J&KBANK,119.93,149.35,131.0,131.0,+14.0%,14.007633587786255,NONE,9.9
COALINDIA,426.25,530.75,417.70834,501.0,+27.1%,27.062342111723215,HOLD,2.68
GHCL,468.75,583.66,800.0,800.0,-27.0%,-27.042500000000004,NONE,9.9
STARHEALTH,461.3,574.31,530.4091,660.0,+8.3%,8.276799926698086,BUY,1.81818
ACUTAAS,2191.9,2728.5,2131.0,2501.0,+28.0%,28.038479587048332,BUY,1.55556
RECLTD,338.95,421.9,464.23077,500.0,-9.1%,-9.118475709828546,STRONG BUY,1.23077
NMDC,81.26,101.14,81.41176,100.0,+24.2%,24.232666140616537,HOLD,3.05882
KEC,564.9,702.92,854.0,1084.0,-17.7%,-17.690866510538648,STRONG BUY,1.47619
DELHIVERY,427.9,532.42,521.95654,600.0,+2.0%,2.004661154355867,STRONG BUY,1.3913
WHIRLPOOL,914.35,1137.51,1142.1818,1697.0,-0.4%,-0.4090242026269439,BUY,2.45455
GAIL,165.07,205.32,195.86667,270.0,+4.8%,4.82641074155189,BUY,1.8
CHOLAHLDNG,1599.9,1988.62,2146.6667,2480.0,-7.4%,-7.362423798720141,STRONG BUY,1.33333
JUBLFOOD,505.65,628.5,651.9,850.0,-3.6%,-3.5895075931891363,BUY,1.96667
CGPOWER,711.85,884.76,692.4375,820.0,+27.8%,27.774708908746277,NONE,9.9
KAYNES,3736.6,4643.75,4612.3335,6000.0,+0.7%,0.6811411186983828,BUY,2.14286
AIAENG,3738.9,4646.39,3952.182,4600.0,+17.6%,17.56518297993363,HOLD,2.72727
RAINBOW,1200.5,1491.28,1534.6,1812.0,-2.8%,-2.822885442460572,STRONG BUY,1.2
GODREJPROP,1733.5,2153.27,2285.0,3100.0,-5.8%,-5.764989059080963,BUY,1.71429
SHYAMMETL,838.9,1041.96,1011.5,1200.0,+3.0%,3.0113692535837897,NONE,9.9
CARBORUNIV,806.95,1002.26,836.5714,955.0,+19.8%,19.80567349063092,HOLD,3.42857
LAURUSLABS,1065.0,1322.71,916.8,1280.0,+44.3%,44.274650959860395,HOLD,3.06667
EXIDEIND,322.8,400.9,393.66666,534.0,+1.8%,1.8374276348421272,HOLD,2.8
MOTHERSON,128.65,159.77,140.69565,164.0,+13.6%,13.55717109946186,NONE,9.9
NHPC,73.14,90.82,87.0,117.0,+4.4%,4.390804597701141,NONE,9.9
POWERGRID,296.8,368.53,315.0,390.0,+17.0%,16.993650793650787,BUY,2.29167
3MINDIA,35675.0,44285.62,39250.0,39250.0,+12.8%,12.829605095541407,NONE,9.9
KIRLOSBROS,1534.1,1904.25,0.0,0.0,N/A,0.0,NONE,9.9
TORNTPOWER,1554.9,1930.0,1413.2,1571.0,+36.6%,36.569487687517686,HOLD,2.9
SANOFICONR,4426.4,5493.85,5855.0,5855.0,-6.2%,-6.168232280102471,STRONG BUY,1.0
HCLTECH,1371.0,1701.37,1732.4878,2200.0,-1.8%,-1.7961338602211347,HOLD,2.56098
IOB,35.2,43.67,0.0,0.0,N/A,0.0,NONE,9.9
ACE,867.0,1075.49,1359.0,1359.0,-20.9%,-20.8616629874908,NONE,9.9
NTPCGREEN,87.73,108.78,101.25,120.0,+7.4%,7.437037037037038,NONE,9.9
MEDPLUS,839.85,1041.27,1092.5,1190.0,-4.7%,-4.689244851258583,STRONG BUY,1.16667
INDIGOPNTS,918.25,1138.32,1200.2222,1505.0,-5.2%,-5.157561658166296,BUY,2.11111
APLLTD,705.25,874.06,1017.63635,1275.0,-14.1%,-14.108807139210391,NONE,9.9
AARTIDRUGS,357.3,442.65,480.0,480.0,-7.8%,-7.781250000000004,NONE,9.9
BALKRISIND,2302.6,2852.47,2384.6667,3195.0,+19.6%,19.6171355938337,NONE,9.9
JKLAKSHMI,686.65,850.52,892.64703,1200.0,-4.7%,-4.7193379448089345,BUY,2.11765
PATANJALI,502.8,622.77,663.75,700.0,-6.2%,-6.174011299435031,NONE,9.9
SUMICHEM,397.8,492.66,544.1429,659.0,-9.5%,-9.461283056344211,NONE,9.9
GULFOILLUB,1072.7,1328.31,1662.0,1900.0,-20.1%,-20.07761732851986,STRONG BUY,1.0
EMAMILTD,458.7,567.64,637.3333,800.0,-10.9%,-10.935141785310766,STRONG BUY,1.41667
SUNDARMFIN,5301.0,6559.61,5308.778,6200.0,+23.6%,23.56158046164295,NONE,9.9
PNBHOUSING,813.3,1006.39,1121.25,1250.0,-10.2%,-10.24392419175028,NONE,9.9
GRSE,2370.7,2933.33,2347.0,3500.0,+25.0%,24.982104814657006,NONE,9.9
IRCTC,568.95,703.96,768.5,1200.0,-8.4%,-8.398178269355885,BUY,2.22222
TITAGARH,671.35,830.48,994.4286,1093.0,-16.5%,-16.486714078818725,STRONG BUY,1.28571
DODLA,1127.8,1395.02,1493.75,1650.0,-6.6%,-6.609539748953976,NONE,9.9
TATAELXSI,4449.3,5501.8,4968.357,5800.0,+10.7%,10.736808969242755,UNDERPERFORM,4.21429
VIJAYA,979.1,1209.99,1180.6666,1300.0,+2.5%,2.483630857347874,BUY,1.625
CDSL,1228.3,1517.64,1414.3572,1660.0,+7.3%,7.302455136510083,NONE,9.9
DLF,590.2,729.2,869.4545,1000.0,-16.1%,-16.131321420499862,STRONG BUY,1.21739
EIDPARRY,870.5,1075.49,1355.0,1355.0,-20.6%,-20.628044280442804,NONE,9.9
SIEMENS,3341.6,4127.06,3341.88,3950.0,+23.5%,23.495158413826957,BUY,2.44
NTPC,377.55,466.28,421.19232,490.0,+10.7%,10.704772584647312,STRONG BUY,1.48
CLEAN,742.25,916.47,997.53845,1278.0,-8.1%,-8.126849646747951,BUY,1.92308
FORTIS,932.5,1151.03,1072.7059,1150.0,+7.3%,7.301544626537437,STRONG BUY,1.47059
MEDANTA,1130.0,1394.21,1293.2667,1450.0,+7.8%,7.805296463598742,BUY,1.86667
JINDALSTEL,1237.8,1526.16,1186.3214,1393.0,+28.6%,28.646419090138647,BUY,1.96429
MAHSEAMLES,553.15,681.92,0.0,0.0,N/A,0.0,NONE,9.9
GODIGIT,331.95,409.07,379.5,435.0,+7.8%,7.791831357048746,BUY,2.0
INDUSTOWER,448.55,552.68,463.25,560.0,+19.3%,19.30491095520776,BUY,2.41667
CHAMBLFERT,448.15,552.0,559.5,610.0,-1.3%,-1.3404825737265416,NONE,9.9
SHRIRAMFIN,1052.5,1296.05,1175.931,1325.0,+10.2%,10.214800018028262,STRONG BUY,1.41379
TIINDIA,2837.6,3492.75,3175.0,3650.0,+10.0%,10.007874015748031,BUY,2.16667
CRAFTSMAN,7667.5,9435.61,8310.125,9800.0,+13.5%,13.54353875543389,NONE,9.9
GRAVITA,1561.2,1921.0,2145.889,2658.0,-10.5%,-10.479992208357473,NONE,9.9
AAVAS,1240.1,1525.46,1718.7368,2269.0,-11.2%,-11.245282000129391,NONE,9.9
AMBUJACEM,490.75,603.55,622.5,800.0,-3.0%,-3.0441767068273164,BUY,1.7619
AWL,180.29,221.7,294.83334,360.0,-24.8%,-24.80497626218257,NONE,9.9
FINEORG,4467.2,5492.58,4915.9,6400.0,+11.7%,11.73091397302631,BUY,2.2
LTTS,3443.2,4232.92,4424.2905,5650.0,-4.3%,-4.325450600497413,HOLD,2.96774
INDHOTEL,651.0,800.03,832.16,960.0,-3.9%,-3.8610363391655445,BUY,1.76
NIVABUPA,73.8,90.68,87.6,95.0,+3.5%,3.5159817351598317,NONE,9.9
INOXINDIA,1129.7,1387.99,1490.0,1600.0,-6.8%,-6.846308724832214,STRONG BUY,1.0
RADICO,2609.0,3205.36,3563.0,3900.0,-10.0%,-10.037608756665728,NONE,9.9
VBL,445.3,547.06,562.172,716.0,-2.7%,-2.688145265150182,BUY,1.52
LALPATHLAB,1405.9,1726.66,1672.48,2090.0,+3.2%,3.239500621831057,BUY,2.24
TATAPOWER,368.35,452.35,408.91302,510.0,+10.6%,10.622547553022402,BUY,2.48
PHOENIXLTD,1648.6,2024.46,1959.3684,2307.0,+3.3%,3.322070520275818,NONE,9.9
BAJAJHFL,85.28,104.69,100.16667,125.0,+4.5%,4.515803510289402,NONE,9.9
DIXON,10151.0,12461.2,13162.104,20600.0,-5.3%,-5.325166857821506,BUY,2.10345
JSWINFRA,251.7,308.97,334.86667,400.0,-7.7%,-7.733427157740115,BUY,1.53333
ATGL,492.85,604.94,0.0,0.0,N/A,0.0,NONE,9.9
ZFCVINDIA,14693.0,18029.55,17750.0,19714.0,+1.6%,1.5749295774647847,NONE,9.9
INDUSINDBK,942.5,1156.43,852.5,1266.0,+35.7%,35.65161290322582,HOLD,3.4
SBICARD,746.5,915.89,839.7917,1026.0,+9.1%,9.061568481803285,HOLD,3.04
ARE&M,824.45,1011.49,1026.6923,1638.0,-1.5%,-1.4807065369049641,HOLD,2.61538
ITC,314.9,386.3,374.77142,505.0,+3.1%,3.076163064942368,HOLD,2.61111
BIOCON,387.95,475.87,422.8421,580.0,+12.5%,12.540827888235345,BUY,2.0
DEEPAKNTR,1545.9,1895.89,1758.2778,2070.0,+7.8%,7.826533440847632,HOLD,2.84211
JIOFIN,249.0,305.32,333.0,361.0,-8.3%,-8.312312312312315,NONE,9.9
BBL,2398.3,2940.65,0.0,0.0,N/A,0.0,NONE,9.9
GICRE,372.45,456.59,476.0,610.0,-4.1%,-4.07773109243698,NONE,9.9
AKZOINDIA,2892.9,3545.31,3500.0,3500.0,+1.3%,1.2945714285714272,NONE,9.9
TIMKEN,3373.1,4132.95,3557.0,3740.0,+16.2%,16.192015743604156,BUY,1.85714
BERGEPAINT,447.4,548.1,529.4545,650.0,+3.5%,3.5216435028883444,HOLD,2.90909
VOLTAMP,8814.5,10796.41,9994.375,11090.0,+8.0%,8.024863985992118,STRONG BUY,1.42857
NH,1787.0,2186.05,2049.3,2500.0,+6.7%,6.673010296198702,BUY,2.2
DRREDDY,1294.4,1583.21,1310.0034,1615.0,+20.9%,20.855411520305974,HOLD,2.76316
GLAND,1794.8,2194.93,1964.3077,2500.0,+11.7%,11.740640226579561,HOLD,2.69231
BHARATFORG,1879.3,2298.1,1676.0,2150.0,+37.1%,37.118138424821,HOLD,2.75
MGL,1207.3,1475.07,1382.4333,1880.0,+6.7%,6.700988756564243,BUY,1.86667
CONCOR,479.0,585.1,565.8823,715.0,+3.4%,3.396059569277929,NONE,9.9
ASTRAL,1669.8,2039.03,1700.7778,2000.0,+19.9%,19.88808884970158,BUY,1.74074
GNFC,441.1,538.63,0.0,0.0,N/A,0.0,NONE,9.9
LINDEINDIA,6664.5,8135.38,7039.0,8209.0,+15.6%,15.575792015911352,NONE,9.9
BAJFINANCE,978.25,1194.08,1080.6285,1270.0,+10.5%,10.498658882307833,BUY,2.11429
LICHSGFIN,527.95,644.38,597.08,940.0,+7.9%,7.921886514369926,HOLD,2.53846
THERMAX,3101.8,3785.81,3404.05,4900.0,+11.2%,11.2148763972327,BUY,2.4
BHARTIHEXA,1595.3,1946.05,1904.0,2170.0,+2.2%,2.2085084033613422,BUY,2.15385
OBEROIRLTY,1490.7,1817.77,1795.88,2695.0,+1.2%,1.218901040158578,BUY,2.16
SRF,2537.0,3091.9,3110.2068,3660.0,-0.6%,-0.5886039474931326,HOLD,2.51724
BBTC,1644.2,2003.68,0.0,0.0,N/A,0.0,NONE,9.9
BATAINDIA,769.5,937.54,909.64703,1440.0,+3.1%,3.0663509119575747,UNDERPERFORM,3.88235
INGERRAND,3921.7,4777.02,4589.0,4589.0,+4.1%,4.097188930050129,NONE,9.9
KEI,5206.0,6341.38,4800.391,5573.0,+32.1%,32.10132257976487,BUY,1.6087
ENDURANCE,2654.1,3232.67,2950.4666,3400.0,+9.6%,9.564704104767694,BUY,1.66667
FLUOROCHEM,3316.8,4039.42,3657.3076,4094.0,+10.4%,10.44791529156585,NONE,9.9
MARICO,779.15,948.81,850.69446,990.0,+11.5%,11.533581633998168,BUY,1.62162
TATATECH,580.4,706.77,672.5,1340.0,+5.1%,5.095910780669143,UNDERPERFORM,3.57143
TCS,2613.5,3180.72,3542.75,4810.0,-10.2%,-10.218897748923863,BUY,2.15909
ETHOSLTD,2385.7,2903.41,3200.0,3200.0,-9.3%,-9.268437500000005,STRONG BUY,1.0
TATACHEM,710.45,863.72,803.2222,1082.0,+7.5%,7.531888436350487,NONE,9.9
BIKAJI,631.15,766.62,827.375,900.0,-7.3%,-7.343103187792717,NONE,9.9
CAPLIPOINT,1672.9,2031.92,2508.0,2516.0,-19.0%,-18.982456140350873,NONE,9.9
ESCORTS,3397.4,4125.98,3810.6667,4642.0,+8.3%,8.274491705086653,HOLD,3.0
BLUESTARCO,1902.5,2309.35,1892.4348,2260.0,+22.0%,22.030624251889677,NONE,9.9
MAZDOCK,2209.8,2682.31,2731.8,3407.0,-1.8%,-1.8116260341167083,HOLD,2.8
SOLARINDS,13989.0,16974.73,16696.666,18900.0,+1.7%,1.6653863711473804,STRONG BUY,1.44444
SCHAEFFLER,4305.7,5223.17,4710.0,5344.0,+10.9%,10.895329087048834,BUY,1.88889
ALKYLAMINE,1437.8,1741.7,2177.25,3049.0,-20.0%,-20.00459294982202,NONE,9.9
GODREJCP,1176.0,1423.78,1385.8611,1565.0,+2.7%,2.7361255756439005,BUY,1.52778
METROPOLIS,1858.8,2249.89,2251.2778,2700.0,-0.1%,-0.06164499112459468,BUY,1.88889
JKCEMENT,5608.0,6784.08,6606.9614,7800.0,+2.7%,2.68078757051615,BUY,1.62963
VINATIORGA,1412.6,1708.74,1871.6364,2421.0,-8.7%,-8.703421241433436,BUY,1.90909
KOTAKBANK,413.1,499.58,488.43332,540.0,+2.3%,2.2821293191054215,BUY,1.94444
DABUR,507.6,613.81,550.2105,623.0,+11.6%,11.559121463512586,HOLD,2.59459
ABB,5983.0,7234.31,5849.577,6820.0,+23.7%,23.672361266464225,HOLD,2.76923
HAVELLS,1354.0,1636.54,1645.9166,1880.0,-0.6%,-0.5696886464356732,BUY,1.97143
SBIN,1189.9,1437.5,1207.8206,1400.0,+19.0%,19.01601943202492,BUY,1.52632
AMBER,7884.5,9523.57,8535.04,10116.0,+11.6%,11.582019533593266,BUY,1.70833
JSWSTEEL,1267.3,1530.68,1227.9697,1420.0,+24.7%,24.65128414813492,BUY,2.39394
NESTLEIND,1279.7,1545.31,1363.9445,1600.0,+13.3%,13.297131958081861,HOLD,2.77778
AXISBANK,1372.3,1656.87,1497.2,1720.0,+10.7%,10.664573871226278,STRONG BUY,1.325
MAXHEALTH,1083.6,1307.58,1208.7084,1500.0,+8.2%,8.179938188565576,BUY,2.04
RELIANCE,1358.0,1637.95,1718.0834,2020.0,-4.7%,-4.664115839778205,STRONG BUY,1.45714
LICI,841.95,1015.01,1102.9048,1450.0,-8.0%,-7.9693913744867215,NONE,9.9
PTCIL,18009.0,21703.33,23034.666,24750.0,-5.8%,-5.779706117727079,STRONG BUY,1.0
ATUL,6531.0,7866.72,7500.0,8700.0,+4.9%,4.889600000000003,NONE,9.9
POWERINDIA,25500.0,30707.44,23712.143,28500.0,+29.5%,29.500905928241067,BUY,1.71429
COROMANDEL,2179.8,2624.77,2617.0,3291.0,+0.3%,0.29690485288498214,BUY,1.6
ICICIPRULI,653.55,786.64,759.2727,900.0,+3.6%,3.604409851690967,BUY,2.0
LMW,14497.0,17444.26,11319.5,14988.0,+54.1%,54.10804364150359,UNDERPERFORM,4.0
DALBHARAT,1959.5,2355.5,2403.3235,2740.0,-2.0%,-1.9898902498976925,BUY,2.15152
ADANIENT,2124.6,2553.05,2870.0,2990.0,-11.0%,-11.043554006968636,STRONG BUY,1.0
DOMS,2259.6,2714.68,2944.7273,3555.0,-7.8%,-7.812176699689652,NONE,9.9
TATACONSUM,1125.2,1351.06,1313.1786,1500.0,+2.9%,2.8847104270508206,BUY,2.14286
PIIND,3099.4,3719.52,3421.75,5500.0,+8.7%,8.702272229122524,HOLD,3.0
PRIVISCL,2976.5,3571.43,3832.5,3955.0,-6.8%,-6.812002609262888,STRONG BUY,1.0
GLENMARK,2123.3,2546.04,2192.6667,2735.0,+16.1%,16.1161429596208,BUY,1.75
MFSL,1806.8,2166.03,2091.0417,2675.0,+3.6%,3.586169515414254,STRONG BUY,1.30435
HYUNDAI,2148.0,2574.92,2530.3914,2853.0,+1.8%,1.7597514756017625,BUY,1.82609
HDFCLIFE,707.3,847.65,887.8571,1020.0,-4.5%,-4.528555327202989,STRONG BUY,1.37143
HAL,3951.6,4727.4,5261.263,6220.0,-10.1%,-10.147050242498812,BUY,1.77778
SUPREMEIND,3954.2,4730.31,3889.4285,4800.0,+21.6%,21.61966725959869,BUY,2.07143
LT,4066.7,4861.04,4608.2,5020.0,+5.5%,5.486741026865157,BUY,1.67742
CRISIL,4316.8,5157.25,4904.0,5208.0,+5.2%,5.164151712887439,BUY,2.5
HDFCBANK,879.4,1050.58,1153.8684,1500.0,-9.0%,-8.95148874863027,STRONG BUY,1.34211
ZYDUSLIFE,906.9,1082.75,997.6,1255.0,+8.5%,8.535485164394546,HOLD,2.66667
TVSMOTOR,3813.1,4550.96,3905.6316,4500.0,+16.5%,16.52302280634968,BUY,2.07692
AJANTPHARM,2967.8,3539.63,3207.5833,3742.0,+10.4%,10.351927571140564,BUY,1.58333
CUMMINSIND,4816.8,5744.69,4564.522,5483.0,+25.9%,25.855237415878367,BUY,2.34783
HEROMOTOCO,5591.5,6667.75,6098.528,7500.0,+9.3%,9.333760540248397,BUY,2.40541
MAHSCOOTER,13218.0,15753.59,0.0,0.0,N/A,0.0,NONE,9.9
JBCHEPHARM,2077.4,2475.65,2118.0908,2320.0,+16.9%,16.88120263777172,NONE,9.9
BASF,3589.4,4274.71,4327.0,4327.0,-1.2%,-1.2084585162930428,NONE,9.9
EICHERMOT,7826.0,9319.84,7828.9116,9694.0,+19.0%,19.043878334250188,BUY,2.4
PFIZER,4911.5,5848.02,6658.3335,7500.0,-12.2%,-12.16991458898836,NONE,9.9
ICICIBANK,1374.0,1635.23,1707.1794,2040.0,-4.2%,-4.214518989626981,STRONG BUY,1.275
UNITDSPR,1366.6,1624.22,1557.68,1730.0,+4.3%,4.271737455703351,BUY,2.0
GLAXO,2532.6,3009.07,3064.5,3500.0,-1.8%,-1.8087779409365259,NONE,9.9
CASTROLIND,185.82,220.77,226.6,255.0,-2.6%,-2.5728155339805756,BUY,2.0
TRENT,3848.5,4571.89,4772.6924,6480.0,-4.2%,-4.207319122430761,BUY,2.0
APLAPOLLO,2222.3,2637.76,2274.875,2638.0,+16.0%,15.951865487114686,BUY,1.64706
PIDILITIND,1465.5,1739.44,1637.9,1915.0,+6.2%,6.199401672873799,BUY,2.1
BAJAJHLDNG,10695.0,12683.22,14346.0,14346.0,-11.6%,-11.590547887913011,NONE,9.9
INDIGO,4520.4,5358.13,5760.2,6600.0,-7.0%,-6.980139578486853,BUY,1.52
OFSS,6848.0,8115.07,9800.0,9800.0,-17.2%,-17.193163265306126,NONE,9.9
TORNTPHARM,4369.2,5177.06,4487.9644,5100.0,+15.4%,15.354301830023442,BUY,1.67857
RBA,63.28,74.97,84.8,120.0,-11.6%,-11.59198113207547,BUY,1.8
M&M,3334.3,3946.84,4317.4287,4767.0,-8.6%,-8.583551130792275,STRONG BUY,1.4
MRF,138825.0,164278.17,150702.0,181000.0,+9.0%,9.008619659991249,NONE,9.9
ASIANPAINT,2307.1,2729.9,2760.7715,3390.0,-1.1%,-1.1182200337840253,HOLD,2.88889
CIPLA,1351.6,1598.84,1446.3055,1827.0,+10.5%,10.546492425009792,HOLD,2.69444
HDFCAMC,2649.8,3133.02,3060.3655,3620.0,+2.4%,2.3740464986943586,STRONG BUY,1.5
POLYCAB,8548.5,10102.76,8689.549,9744.0,+16.3%,16.263341169950237,BUY,1.67742
ACC,1553.2,1832.36,2001.4412,2500.0,-8.4%,-8.44797239109498,BUY,2.38889
ALKEM,5566.0,6559.38,5911.2856,6913.0,+11.0%,10.963679372893097,HOLD,2.52381
BHARTIARTL,1873.2,2205.42,2356.7273,2750.0,-6.4%,-6.420229442753089,BUY,1.63636
BLUEDART,5537.5,6518.93,6610.0,7330.0,-1.4%,-1.37776096822995,NONE,9.9
PAGEIND,31175.0,36656.7,38390.6,47000.0,-4.5%,-4.516470177595561,HOLD,2.76
TITAN,4270.3,5018.14,4806.4287,5300.0,+4.4%,4.404752742925322,BUY,1.82353
CERA,4784.8,5621.5,6397.5,8068.0,-12.1%,-12.129738178976163,BUY,1.6
DIVISLAB,6403.5,7516.29,6865.645,9140.0,+9.5%,9.476822643757425,HOLD,2.64516
UBL,1589.9,1865.62,1784.1666,2180.0,+4.6%,4.565347204683682,HOLD,2.72222
INDIAMART,2113.8,2478.65,2552.9443,3500.0,-2.9%,-2.910141831139834,BUY,2.05556
MANKIND,2245.5,2632.04,2536.5264,3100.0,+3.8%,3.7655275340323584,BUY,2.0
ICICIGI,1895.5,2218.25,2152.7693,2400.0,+3.0%,3.0416961074277706,BUY,2.0
DMART,3802.5,4448.82,4141.3335,6185.0,+7.4%,7.424818600095838,HOLD,2.86667
BAJAJ-AUTO,9776.0,11433.6,10176.667,12584.0,+12.4%,12.351126356006352,HOLD,2.55
BAYERCROP,4554.1,5321.58,5187.125,5600.0,+2.6%,2.5920909945297237,BUY,2.25
BOSCHLTD,35370.0,41317.01,36320.0,41625.0,+13.8%,13.758287444933925,NONE,9.9
GRASIM,2777.3,3237.3,3403.4167,3865.0,-4.9%,-4.880880439941428,NONE,9.9
SUNPHARMA,1752.5,2041.17,1976.3513,2450.0,+3.3%,3.2797155040199604,BUY,1.62162
LUPIN,2311.1,2689.41,2426.1843,2700.0,+10.8%,10.849369522340078,BUY,2.0
MARUTI,14388.0,16735.91,17549.125,20000.0,-4.6%,-4.633934740336057,BUY,1.6
BAJAJFINSV,1941.9,2257.8,2248.7144,2710.0,+0.4%,0.4040353012370242,BUY,2.13333
SBILIFE,2032.2,2358.95,2388.75,2850.0,-1.2%,-1.2475143903715409,STRONG BUY,1.22857
BRITANNIA,5959.0,6914.24,6745.4243,8250.0,+2.5%,2.502669846876795,BUY,1.9697
ASTRAZEN,8801.0,10207.17,0.0,0.0,N/A,0.0,NONE,9.9
GILLETTE,8163.0,9466.16,0.0,0.0,N/A,0.0,NONE,9.9
ANANDRATHI,3148.5,3649.53,3190.0,3280.0,+14.4%,14.405329153605024,HOLD,3.0
HINDUNILVR,2320.6,2687.85,2690.973,3200.0,-0.1%,-0.11605467613387602,BUY,1.94737
COLPAL,2214.9,2564.33,2256.5715,2740.0,+13.6%,13.638322561461043,HOLD,3.10714
SHREECEM,26125.0,30096.55,28801.488,35697.0,+4.5%,4.496510735834197,HOLD,2.7561
SANOFI,3859.5,4443.1,5521.0,6213.0,-19.5%,-19.523637022278567,BUY,1.75
ULTRACEMCO,12521.0,14405.59,14098.846,15300.0,+2.2%,2.175667426965304,BUY,1.5641
HONAUT,30320.0,34745.8,36163.4,39780.0,-3.9%,-3.919985399602909,HOLD,3.2
STYRENIX,1919.9,2193.87,3147.0,3147.0,-30.3%,-30.28693994280267,NONE,9.9
PGHH,11220.0,12787.6,14384.0,15768.0,-11.1%,-11.098442714126804,BUY,2.0
APOLLOHOSP,7791.5,8877.88,8771.5,9800.0,+1.2%,1.2127914267799031,NONE,9.9
ABBOTINDIA,26805.0,30313.04,34315.0,40000.0,-11.7%,-11.6624216814804,NONE,9.9
