Ticker,Current Price,6M Target,6M Ret,12M Target,12M Ret
AEGISVOPAK,216.53,250.97,0.1590532762069025,363.1,0.6768830002105308
ATHERENERG,705.0,858.25,0.2173823567463932,1036.77,0.4705952078562153
TSFINV,382.05,444.6,0.16372030083199915,558.25,0.4611935019474633
GOKEX,647.3,511.87,-0.20922608340492563,940.21,0.45251674931417807
NEWGEN,487.8,593.32,0.21632008239147413,700.9,0.4368666430600364
ICIL,262.6,314.65,0.19820576654081112,375.18,0.4287274221256361
THELEELA,442.45,496.24,0.12157064361995949,631.33,0.42689826913869183
EASEMYTRIP,7.99,6.01,-0.24745715135040158,11.4,0.4267904826068747
CARTRADE,1775.5,2151.73,0.21189861499695384,2530.6,0.4252911022785233
KITEX,169.85,201.89,0.18864537242296395,242.01,0.4248671100965651
GANESHHOU,660.8,761.02,0.15165933428686204,940.64,0.42348271970027335
HEXT,466.6,559.9,0.19996774715556725,661.43,0.41754202108818966
IXIGO,166.4,199.24,0.1973317047252097,235.5,0.41527388936135967
CEMPRO,569.0,684.21,0.20246996511410809,804.31,0.4135510343916628
ZAGGLE,222.83,263.94,0.18447626438324377,312.43,0.4020809459045068
AWFIS,283.65,336.67,0.18692489220454628,397.1,0.3999483984311437
DCAL,171.8,202.56,0.1790395070442363,239.9,0.39641170457495656
WEBELSOLAR,54.45,41.82,-0.23187997954853118,75.89,0.39384721438021103
IIFLCAPS,315.95,368.49,0.16629013817951943,438.04,0.3864097965770257
RELINFRA,85.87,70.39,-0.18031012381930797,118.95,0.3852597130144345
INOXGREEN,162.25,189.11,0.16553215679463398,224.65,0.3846093585656822
DBREALTY,108.16,89.01,-0.17709332976447872,149.65,0.38359156798318594
HINDCOPPER,576.0,672.84,0.16811987704579223,796.88,0.38346764840980696
AVANTIFEED,1290.3,1064.67,-0.17486626820636153,1784.6,0.3830921032962034
OSWALPUMPS,304.95,372.62,0.22191140272961127,421.72,0.38292800610310945
RTNINDIA,27.4,20.88,-0.2379490015576107,37.89,0.38270227022754266
ABLBL,100.81,88.45,-0.12258208223769995,139.06,0.37939705165038745
JKTYRE,477.75,556.97,0.16582224056225342,658.94,0.37926309235287686
ENRIN,2972.7,3795.37,0.27674153644045024,4097.3,0.37831018471628775
JPPOWER,14.47,16.41,0.1342116168587531,19.92,0.3767460087558441
BALUFORGE,472.3,391.17,-0.17178423563865236,650.15,0.3765607207623329
TARIL,304.2,353.38,0.16166253547614584,418.57,0.37597714648548075
STLTECH,172.45,139.81,-0.1892640703923822,237.26,0.3758443074168182
REFEX,214.91,248.72,0.15730587752069097,295.41,0.37459235902263355
VESUVIUS,501.4,588.14,0.17300301609472699,687.94,0.3720385159509452
BELRISE,187.7,162.56,-0.13396367374054974,257.12,0.3698646110725532
FIRSTCRY,214.5,249.69,0.16406630352800938,293.75,0.369446498469406
PURVA,191.32,222.81,0.16459164572246757,261.76,0.36816855415334143
FSL,210.41,244.7,0.16297816889029781,287.78,0.3677266223899882
THYROCARE,384.45,446.74,0.16202411780897794,525.48,0.3668389575300134
DATAMATICS,733.1,863.26,0.1775504357677685,1001.31,0.3658578818163236
PRAJIND,304.5,349.83,0.14885981573933718,415.07,0.3631195798840115
SHAKTIPUMP,502.7,585.12,0.1639597083376097,685.21,0.36305642609046807
IMFA,1242.4,1454.76,0.17093057188597724,1692.11,0.36197224711089826
JAIBALAJI,65.67,51.91,-0.209600513820794,89.41,0.36157818873571385
DIACABS,137.0,157.11,0.1468195511328427,186.4,0.3606158054843743
SHARDACROP,1136.0,966.63,-0.14909714630899,1544.83,0.3598827180198139
VAIBHAVGBL,220.52,253.43,0.14923069478866216,299.87,0.359852311540341
BLUEJET,384.65,316.83,-0.1763247870740866,522.62,0.3586985194487359
JAMNAAUTO,143.42,164.53,0.14719822027628593,194.67,0.35735291535474684
RATEGAIN,493.75,579.62,0.1739190127523925,668.93,0.3547897607212623
SKYGOLD,345.4,397.67,0.15134447517241967,467.6,0.35378745294031244
ANGELONE,226.32,259.69,0.14745609254658,306.35,0.3536209155616016
KRN,918.55,1061.72,0.15586720040448646,1243.16,0.35339870052023103
ALLCARGO,8.05,6.81,-0.15430124770189957,10.89,0.3531178364641074
LUMAXTECH,1663.9,1935.62,0.16330261989922606,2251.09,0.3529010747464623
CSBBANK,381.4,439.56,0.15249291554217337,515.99,0.3528830815770403
BSOFT,384.6,442.3,0.15003373528899108,520.29,0.3528187986254456
RAIN,143.65,123.94,-0.13721390362290636,194.15,0.35152622603048556
ARVIND,344.35,394.28,0.14499317672749923,465.23,0.35103476562872243
CIGNITITEC,1151.5,1357.43,0.17883613285583264,1555.64,0.35096666738679144
GMDCLTD,551.45,636.08,0.15346580481700006,744.89,0.35078326873158017
WELSPUNLIV,124.37,106.51,-0.14360493313562836,167.89,0.34991519345482436
PGIL,1494.9,1746.7,0.16844091762834934,2016.8,0.34912095157444556
TVSSCS,112.66,95.84,-0.14925891697583069,151.88,0.34816618731995147
HGINFRA,529.9,617.95,0.1661616613948097,714.08,0.3475741600429421
IDEA,10.29,8.95,-0.12995512483635457,13.85,0.34630728533449145
ECLERX,3083.7,3612.81,0.17158248897950093,4150.12,0.3458251523040701
RELIGARE,210.44,241.03,0.14534938464253186,283.16,0.3455733591879325
SCHNEIDER,873.2,1016.4,0.16399365599267596,1174.59,0.34515834821480984
SWSOLAR,189.98,216.7,0.1406455296734927,255.49,0.3448427869156141
ENGINERSIN,212.47,242.58,0.1417347131923335,285.7,0.34463928644813996
SANDUMA,206.71,235.81,0.14075390578293429,277.6,0.3429310202174273
LATENTVIEW,326.75,376.32,0.15171044228989997,438.76,0.342808893416985
INDIACEM,397.8,456.46,0.14746210090290798,534.04,0.3424891406333283
GODFRYPHLP,2042.9,1693.79,-0.17088736604347043,2742.37,0.34239185294943025
JINDWORLD,23.88,18.74,-0.21520096505382724,32.05,0.34217154279211637
SAFARI,1736.1,2010.98,0.1583341372086137,2328.65,0.34131126237978104
PCBL,295.05,252.25,-0.14507574602394122,395.61,0.3408386551695277
JMFINANCIL,125.63,142.19,0.1318266890051186,168.34,0.3399787541060271
ASHOKA,128.67,146.8,0.14089071124796498,172.41,0.33992771930437166
RPOWER,22.98,18.65,-0.18835873398182057,30.79,0.3398917167730424
LLOYDSENT,49.62,39.51,-0.20372046334391797,66.48,0.3397421488273458
JWL,257.45,296.32,0.15096311028329118,344.8,0.33929289653849914
PARADEEP,114.54,129.95,0.1345482267579811,153.3,0.3383837370538911
AVALON,989.7,1127.45,0.1391797568148752,1324.24,0.33802475424589673
ONESOURCE,1309.5,1088.28,-0.16893092813571647,1751.18,0.337288547867515
TDPOWERSYS,889.85,1009.27,0.13420606344110736,1189.68,0.3369429078193344
GPIL,256.3,290.49,0.13338808896990256,342.57,0.3366037866215628
TEJASNET,484.7,396.89,-0.18116343304485075,647.5,0.335872275338971
RALLIS,262.55,297.2,0.131976385287273,350.67,0.3356500416803146
AURIONPRO,858.25,998.2,0.16305904181031405,1146.17,0.3354719130787974
HIKAL,192.14,218.29,0.13609114674425135,256.4,0.3344327330553313
ANUP,1557.8,1299.15,-0.16603773176833767,2078.33,0.3341466993689704
INOXWIND,89.19,100.25,0.12405567852402824,118.91,0.33322420868001257
EDELWEISS,112.59,97.35,-0.13534917544270963,149.68,0.32946184145571616
TARC,143.45,163.05,0.13664479855817674,190.71,0.3294316541005431
THOMASCOOK,100.08,113.32,0.13233048065843073,133.03,0.32928274706339766
THANGAMAYL,3846.6,4414.48,0.14763277432676888,5112.4,0.3290701932483593
GALLANTT,568.25,646.67,0.13800579624415996,755.07,0.32875972295605654
BLS,266.65,230.49,-0.13562469377585742,354.22,0.32842609519619353
VTL,547.5,618.16,0.1290639745199275,727.3,0.32840574679742024
OLAELEC,24.08,18.68,-0.2242208710516281,31.97,0.3276045846969567
ENTERO,1024.9,1178.4,0.1497745810794085,1360.1,0.32705414498480107
SONATSOFTW,260.25,295.55,0.1356203109483162,345.28,0.3267341095264456
SHAREINDIA,126.05,143.3,0.1368164464142367,167.21,0.32655909479621414
TMPV,370.6,409.14,0.10399191832263598,491.48,0.3261822472587785
SCI,256.15,290.47,0.13400206918800722,339.66,0.32600067310015685
MRPL,188.51,212.26,0.12598630805847919,249.92,0.325768686722625
TEXRAIL,99.15,111.02,0.11975988133305991,131.41,0.3253930478597226
GREAVESCOT,150.93,169.98,0.12624463711716333,199.94,0.32475178223812273
TBOTEK,1175.6,1369.31,0.16477376405970037,1556.9,0.32434908815149155
MANAPPURAM,282.0,319.24,0.13204821485000226,373.41,0.3241364139243759
JSWCEMENT,123.14,106.34,-0.13645400977382358,163.02,0.32385681054643944
IFCI,56.34,46.71,-0.17100139455481286,74.57,0.32360658385789987
NEOGEN,1380.9,1191.12,-0.13743570535370284,1827.16,0.323168345629924
GRAPHITE,707.4,809.41,0.1442018566290719,935.93,0.3230609767611701
TIMETECHNO,178.81,201.14,0.1248790223313168,236.57,0.3230174267422364
COFORGE,1162.7,1340.62,0.15302736197949604,1536.7,0.32166532522636393
HOMEFIRST,1096.8,1253.93,0.14326480836914984,1449.34,0.3214236024665295
NATIONALUM,362.85,404.19,0.11392923852001288,479.43,0.3212981220035491
ETERNAL,242.87,274.94,0.13204368760239643,320.7,0.32045820768714495
JINDALSAW,178.4,200.56,0.12419611990823756,235.51,0.32011297915105247
SHILPAMED,323.55,363.57,0.12368806297313148,427.12,0.32009002058028063
SHAILY,1947.8,2230.52,0.14515090097453437,2571.23,0.3200682510275379
SENCO,307.0,345.66,0.1259392844394715,405.21,0.31989325639682237
EMBDL,58.93,50.7,-0.13962646234587195,77.77,0.3197144489316188
KPRMILL,867.85,992.45,0.14357268516930116,1145.27,0.31966011052228976
COHANCE,303.2,353.76,0.16674135860297323,400.09,0.31956774726091064
AHLUCONT,752.55,867.71,0.1530208048427676,992.94,0.31943637134883857
SIGNATURE,960.7,1091.48,0.13613381435040295,1267.55,0.3194015304622762
MAXESTATES,401.65,351.02,-0.1260629585003932,529.84,0.31914812388604913
VIPIND,352.35,398.5,0.13097432345961754,464.46,0.3181755015518239
LTFOODS,380.2,332.67,-0.12500117504213545,501.05,0.31785954628030577
KPIGREEN,361.8,410.65,0.13501792872129015,476.49,0.3169948884602115
MIDHANI,344.15,386.38,0.12270756254705675,453.19,0.31685031336297836
PARKHOTELS,120.05,134.41,0.11958732573334864,158.08,0.3167893865297176
CIEINDIA,467.05,525.34,0.12480264281339175,614.84,0.31643802644915375
IMAGICAA,41.43,34.3,-0.17219016465729467,54.54,0.31639538502267245
SAPPHIRE,196.61,222.55,0.13194907490022417,258.76,0.3161306462604279
EIEL,152.59,173.22,0.13521427168943503,200.78,0.31581190791668684
CONCORDBIO,1200.9,1018.44,-0.1519347174511721,1579.29,0.31508896521195384
POONAWALLA,438.45,492.99,0.12440385769512238,576.56,0.3149912771930259
MARKSANS,171.34,191.43,0.11723938795741577,225.27,0.31476910715230266
CGCL,158.48,178.26,0.12480592297837464,208.32,0.3144718409520481
CUB,277.35,311.67,0.12373426155996499,364.56,0.3144400863824966
BECTORFOOD,200.45,226.05,0.12770012185835103,263.47,0.3143787862240009
REDINGTON,262.85,228.63,-0.13017664750446395,345.44,0.3142022596623681
ELECON,406.0,460.03,0.13306753300030677,533.52,0.3140991989236324
EPIGRAL,870.55,1000.74,0.14954463978355478,1143.77,0.3138468116406536
M&MFIN,366.0,413.86,0.13077002672597263,480.86,0.31381563707236076
RAILTEL,293.55,331.88,0.13058193666327642,385.65,0.31374682973648066
HINDZINC,617.65,696.38,0.12746162095158492,811.29,0.31350412539798317
SKIPPER,353.05,398.51,0.12875627304089043,463.59,0.31311393769547535
LXCHEM,121.6,137.97,0.13460361490222533,159.66,0.3130257515277077
GMRP&UI,113.14,99.52,-0.12034622505507793,148.55,0.31301675399683576
BLACKBUCK,572.6,654.5,0.14302469883249963,751.78,0.31291492751837124
HBLENGINE,664.7,755.4,0.1364485364726664,872.52,0.3126581576317345
GAEL,139.13,155.45,0.11729818812452172,182.56,0.3121693926508976
PNCINFRA,203.41,228.42,0.12295040844967087,266.91,0.3121666513827125
DCBBANK,181.34,202.89,0.11885409819541609,237.82,0.31148657528216994
MAPMYINDIA,1010.0,1156.71,0.1452554936323359,1324.38,0.31126389731239573
RATNAMANI,2385.9,1997.34,-0.1628574914348845,3127.05,0.31063889573942804
KNRCON,128.31,144.66,0.12739305593401978,168.13,0.3103356621304207
JSFB,368.7,415.41,0.12667586982703385,483.04,0.3101032586504581
ADANIPOWER,137.97,153.96,0.11586167025520716,180.66,0.3094212273068924
NBCC,89.36,99.95,0.11855176166397292,117.01,0.3094022014797305
AIIL,454.35,514.46,0.1322991179221091,594.86,0.3092467796222526
LEMONTREE,113.97,127.18,0.11587742940577411,149.21,0.30923513584265944
EMIL,96.15,83.78,-0.12862387553655405,125.82,0.3085782881554043
EQUITASBNK,61.68,53.14,-0.13852025517061123,80.71,0.30851241714415645
ADVENZYMES,295.4,330.79,0.11981885355507399,386.52,0.3084697841794443
IONEXCHANG,354.45,398.53,0.1243644873933194,463.6,0.3079331576943768
SAGILITY,38.84,31.76,-0.18225345533738382,50.8,0.30783872433477183
ISGEC,869.55,990.79,0.13942830309180715,1137.09,0.3076733684815494
AGI,530.55,608.11,0.14617904389837855,693.5,0.30712701017775007
RHIM,417.4,474.45,0.1366817270816151,545.47,0.3068336080749249
ACMESOLAR,232.28,261.79,0.12704342370787897,303.53,0.3067586104282637
KRBL,330.5,372.83,0.12807038244177427,431.76,0.30637241602834553
GABRIEL,953.55,1084.67,0.13750752030464738,1245.41,0.3060772500695614
BANCOINDIA,593.6,676.61,0.13983581097806316,775.11,0.30577593791528507
IFBIND,1081.2,1234.84,0.14210538873947573,1411.31,0.3053206438962869
IDFCFIRSTB,71.78,63.05,-0.12163140235335235,93.66,0.3048700657770195
TATAINVEST,640.95,727.55,0.13511675107041674,836.31,0.30479707618891627
HEG,572.25,649.35,0.1347323779492262,746.65,0.3047652574276631
KPITTECH,754.25,864.63,0.14634899164118897,983.96,0.3045511218099604
ABFRL,65.94,57.55,-0.12721514930475344,86.01,0.3043967750414577
SUNFLAG,243.73,271.94,0.11576115168579393,317.89,0.3042606781848977
PCJEWELLER,9.36,8.13,-0.13132879751502277,12.21,0.30421890290494924
UNIMECH,860.65,978.93,0.13743301545259973,1122.23,0.3039370449591876
SYRMA,781.35,882.99,0.13008412047554122,1018.77,0.30385750230135367
ALOKINDS,13.81,12.36,-0.10517293467231316,18.0,0.3031346202289594
SWANCORP,368.8,419.88,0.13851515848284854,480.56,0.3030436225917387
KIRLOSENG,1405.5,1593.36,0.1336619309361872,1831.17,0.3028629484551873
OPTIEMUS,398.7,452.91,0.13597471120723506,519.34,0.30258752816184387
LTF,275.8,309.22,0.12117115481921087,359.13,0.3021237059028847
SWIGGY,289.0,324.19,0.12175571796144324,376.11,0.3014040374396721
HERITGFOOD,311.55,349.08,0.12047637729208083,405.44,0.30137152417567564
NCC,149.37,165.72,0.10948801547082336,194.35,0.30113838196180936
DYNAMATECH,10307.0,8723.96,-0.1535886996978153,13405.21,0.3005930992505306
HCC,16.71,13.41,-0.1973682759107465,21.72,0.29975074231572985
PRINCEPIPE,244.35,272.91,0.11687226551303968,317.58,0.29968286443157904
CREDITACC,1210.9,1372.08,0.13310926558472222,1572.47,0.2985955399390246
CYIENTDLM,303.2,343.77,0.13379292685556635,393.7,0.29846790559871184
TECHNOE,1149.2,1297.22,0.12880146746126644,1492.01,0.2983044443226184
IIFL,499.5,560.79,0.12269380419682169,648.41,0.298127529865437
MANINFRA,102.31,114.56,0.11976048841094233,132.78,0.29784480223418663
FIEMIND,2175.5,2461.39,0.1314118903136695,2823.34,0.2977875195530726
KARURVYSYA,315.3,348.49,0.10525781242516968,409.11,0.2975287382086363
PREMIERENE,712.85,813.39,0.141041833026108,924.61,0.29705579582092945
KSCL,748.35,853.63,0.14068846637451474,970.44,0.2967789226203648
UPL,622.85,698.96,0.1221941276565798,807.66,0.2967214028387496
IKS,1346.5,1540.2,0.143854120943455,1746.03,0.29671375149488244
TRIDENT,24.44,20.63,-0.15606322667783049,31.69,0.2964837264783636
AARTIIND,432.95,478.94,0.1062234825970206,561.3,0.2964650882096488
HUDCO,181.74,203.04,0.1171760448345836,235.62,0.29644571304270556
LLOYDSENGG,45.97,38.3,-0.16695599136815406,59.59,0.29637397078714767
NETWEB,3705.0,3041.34,-0.17912507809251627,4798.4,0.2951150761334131
IRCON,136.21,151.45,0.11185905575822296,176.38,0.29490300021009186
ASTRAMICRO,982.4,1115.05,0.13502331783917554,1271.87,0.2946549392315952
VMM,117.23,129.09,0.10112656972730413,151.74,0.29437577047079416
GRWRHITECH,4073.8,3470.11,-0.14818795839311483,5271.85,0.29408658692521633
HFCL,67.5,58.02,-0.1404322976727022,87.33,0.2938062002054296
DBL,421.4,478.65,0.13586259409328744,545.2,0.29378479589032913
INTELLECT,683.5,778.38,0.1388082320637833,884.01,0.29335840712458533
PERSISTENT,4673.4,5354.59,0.1457597287856658,6043.48,0.2931656895399874
SBFC,93.78,104.2,0.11113041703297626,121.25,0.2929509984597857
KTKBANK,203.04,224.59,0.10615314768316177,262.52,0.2929288842363184
BORORENEW,441.0,498.7,0.13083143728696112,570.02,0.2925577936276496
RCF,121.51,133.3,0.09706780254352937,157.04,0.2923753818708733
SANSERA,2229.9,1893.51,-0.1508561060551781,2880.55,0.2917853610229869
USHAMART,420.95,471.91,0.12105254074212254,543.62,0.2914216174931295
RVNL,299.45,332.11,0.10905434870688874,386.68,0.29129948228349384
APARINDS,10694.0,9232.29,-0.13668485401892289,13804.33,0.29084814257758856
JSL,783.35,884.56,0.12920666613457565,1011.15,0.29080808350747084
PATELENG,26.37,22.47,-0.14777296320328623,34.04,0.29079858083488874
FORCEMOT,23380.0,19315.33,-0.17385262733658283,30178.71,0.29079150436539275
NAZARA,257.5,287.3,0.11574630673191094,332.37,0.2907750001624363
NATCOPHARM,956.25,1081.56,0.1310425724245593,1234.18,0.29064857424391344
OIL,488.05,541.37,0.10924426423834722,629.85,0.2905344670779431
ZEEL,84.19,92.72,0.10133266425177294,108.65,0.2905241151274599
SAIL,165.59,183.18,0.1062025353987087,213.69,0.290477402275576
ANANTRAJ,509.1,569.71,0.11905633176113056,656.85,0.2902196093434922
MMTC,58.54,50.38,-0.13946917263981598,75.52,0.2901406709885861
JISLJALEQS,35.52,29.87,-0.15892765215992125,45.82,0.29009315050207723
DHANUKA,1011.9,1144.93,0.13146123035924767,1305.38,0.2900314651721543
SPARC,125.92,139.35,0.10665810468817467,162.43,0.28991836192484827
TANLA,441.55,498.9,0.12989425695885165,569.26,0.289240772231701
SAMHI,159.44,178.2,0.11765964594245873,205.55,0.28920034904267317
GANECOS,752.1,851.97,0.1327831798633541,969.51,0.28907514531774314
INDIAGLYCO,896.85,1010.08,0.12625202552799406,1155.97,0.2889225562001316
POLYMED,1314.0,1486.88,0.13156825912770226,1693.64,0.28891889720642194
BHEL,262.15,291.59,0.11229426061241855,337.88,0.28887964476583194
ZYDUSWELL,378.95,421.51,0.11230272961895787,488.33,0.288629107591227
HONASA,292.75,326.84,0.11646247664702133,377.1,0.2881440008103774
SHARDAMOTR,896.25,1004.03,0.12026082285159116,1154.32,0.2879453813734356
MAHLIFE,348.05,385.92,0.1088148692490797,448.2,0.2877426236042324
MOIL,295.0,327.74,0.11098982599908912,379.86,0.28766412847777917
CCL,1017.0,1143.6,0.12448229525247458,1309.34,0.28745751591102126
IDBI,114.79,127.03,0.106634813783403,147.77,0.2873116905265429
VEDL,723.35,800.97,0.107307041077848,931.07,0.2871706987938189
ASAHIINDIA,850.85,967.0,0.13651432866108318,1094.59,0.2864683081478436
WABAG,1228.4,1380.28,0.12363872072707022,1579.34,0.28569177110021177
ELGIEQUIP,520.1,576.11,0.10768916129414807,668.6,0.2855211608083053
GREENPANEL,203.36,225.39,0.10831355209114865,261.41,0.2854531616387925
SUNTV,625.55,695.31,0.11151866168547775,804.08,0.2853931664989913
CEIGALL,275.15,306.5,0.1139230620097111,353.67,0.2853594746938948
TIPSMUSIC,534.75,603.2,0.1280022875230811,687.34,0.285346588506493
DEVYANI,122.55,135.63,0.10675174828294355,157.46,0.28486163482058324
RAYMONDLSL,867.3,978.99,0.12877958644960089,1114.2,0.28467984895962306
ELECTCAST,67.83,59.31,-0.12565148894137493,87.13,0.28453230584235994
NAUKRI,998.5,1129.32,0.13101896331544866,1282.47,0.2843928211121092
LLOYDSME,1210.5,1362.29,0.12539063933965036,1554.71,0.28435638417540565
SURYAROSNI,221.8,246.46,0.11119588063945787,284.85,0.2842593222269725
NAM-INDIA,903.45,1014.36,0.12276655103355218,1160.25,0.2842460501132889
CESC,153.49,169.25,0.10264975026050795,197.11,0.28420206052653285
GPPL,172.19,190.48,0.10621020601488455,221.12,0.28416924629297574
ABREL,1255.9,1422.6,0.13273565529080764,1612.58,0.2840061436456754
PRICOLLTD,584.7,655.19,0.12055633977587293,750.37,0.2833434446817314
ACI,551.1,621.08,0.12697889599942738,707.24,0.283320774582838
PTC,162.76,177.87,0.09282414052708315,208.87,0.2832744499022184
KSB,740.7,829.54,0.11993385304268757,950.51,0.28326455231485936
TRANSRAILL,537.2,602.1,0.12081836270755429,689.22,0.2829815596854306
ZENSARTECH,568.4,643.85,0.13274484519426533,729.22,0.2829351118589966
WAAREEENER,2643.3,2267.68,-0.14210295271296847,3390.69,0.28274944155275583
NLCINDIA,252.45,281.59,0.11542218981183319,323.83,0.28274442007504486
AJAXENGG,478.9,536.8,0.12090236094328735,614.19,0.2824987316721876
MANORAMA,1385.6,1547.97,0.11718124213982566,1776.9,0.2824077078697711
INNOVACAP,664.3,747.65,0.1254662113746623,851.88,0.2823723248171302
SAMMAANCAP,145.96,160.53,0.09984146701308519,187.16,0.28229490502951793
FINPIPE,180.35,198.19,0.09894528470544668,231.18,0.28183460987561776
JKPAPER,345.15,380.17,0.10146666834730778,442.37,0.2816615297141777
WESTLIFE,494.35,558.17,0.1291065775250701,633.52,0.2815303275527969
IRFC,99.34,109.15,0.09877260457307226,127.25,0.280976187853885
IREDA,115.93,128.26,0.10638221394644716,148.49,0.2808871201200467
CHENNPETRO,937.7,1055.06,0.12515439891228217,1200.98,0.2807719261289527
SUNTECK,391.05,437.0,0.11749658358907795,500.84,0.2807531199989069
EPL,211.42,233.03,0.10220690945897874,270.74,0.28059146572135885
GARFIBRES,631.45,710.41,0.1250498300910394,808.58,0.28051988967072133
KALYANKJIL,401.75,446.09,0.11036104928184803,514.42,0.28044666072111357
ABDL,471.0,528.67,0.12243453640654589,603.07,0.28040019801163585
VGUARD,311.6,343.68,0.10296707336464908,398.83,0.2799457301213302
MANYAVAR,374.2,423.71,0.13231055241661582,478.91,0.27982946935567243
FACT,710.75,802.6,0.12923469401204232,909.53,0.2796820502240761
JUBLINGREA,568.9,641.41,0.12746203660596353,727.78,0.27926735887522997
PRUDENT,2301.8,1965.51,-0.14609810245049304,2944.08,0.2790334097688826
TI,428.7,476.96,0.11258285842839391,548.3,0.2789932343560675
MCX,2501.2,2795.33,0.11759682227075678,3198.2,0.2786653912096647
NUVAMA,1206.5,1351.4,0.12009606387437201,1542.62,0.27858993418938494
YESBANK,20.18,22.08,0.09399083760726898,25.8,0.27839358136473136
FDC,372.05,412.88,0.10973320342297038,475.55,0.2781833156414086
UJJIVANSFB,57.28,47.94,-0.1630033330899525,73.21,0.27815017310453566
ROUTE,489.3,551.47,0.12706375441441137,625.07,0.2774753163608842
IEX,121.52,133.44,0.09807953674824837,155.24,0.27746480614011176
EUREKAFORB,458.2,515.24,0.12449333274298693,585.11,0.2769800002986438
SAILIFE,996.35,1106.21,0.11026344932655843,1272.18,0.2768430288257004
PAYTM,1059.4,1191.2,0.12441362130274043,1352.49,0.2766566438694312
NEULANDLAB,13096.0,11334.28,-0.13452332305866752,16714.75,0.27632456746678685
WAAREERTL,833.35,957.89,0.1494471906023094,1063.43,0.2760875742464158
KANSAINER,196.31,216.42,0.10244754036625561,250.38,0.2754162507710132
IGIL,325.7,357.01,0.09612684074414243,415.28,0.27505206569361557
EIHOTEL,312.55,347.29,0.11116304917761358,398.44,0.27481759213016754
ADANIENSOL,972.3,1092.48,0.123600480270385,1239.48,0.27478942819360713
ADANIGREEN,903.55,1010.0,0.11780790356317353,1151.6,0.274530580579454
UCOBANK,28.59,25.99,-0.09108191564731744,36.44,0.2744158725847167
PGEL,617.3,692.41,0.12167119061886965,786.68,0.27438759674716356
ITI,260.5,289.66,0.11195658343642828,331.86,0.27393589830860743
PRSMJOHNSN,126.57,138.37,0.0932183465273209,161.23,0.27384872898617285
PPLPHARMA,152.81,168.08,0.09991489620436252,194.63,0.27366980673989505
SARDAEN,544.7,608.15,0.11648044971542736,693.73,0.273599259709367
FINCABLES,946.45,1050.25,0.10967255231605813,1205.39,0.2735925959063852
CANFINHOME,821.4,918.39,0.11808125016031587,1046.0,0.27343897256990846
DATAPATTNS,3204.3,2729.65,-0.14812845553686282,4080.35,0.2733993806777477
DEEPAKFERT,979.35,1108.22,0.13158826250782563,1246.83,0.27312499809798557
SAREGAMA,328.8,365.73,0.11230613812361621,418.58,0.27304011959034735
JYOTHYLAB,245.8,270.21,0.09929707141221741,312.9,0.27298532299908923
TRIVENI,395.4,434.86,0.0998083669864598,503.31,0.2729212301993617
BALAMINES,1067.0,1200.58,0.12518854693042525,1358.02,0.27274198684955697
CENTURYPLY,729.75,821.09,0.12516928690804383,927.82,0.27142508294964335
HAPPSTMNDS,347.85,390.02,0.12122239108712184,442.18,0.27118717342827
TECHM,1345.4,1501.65,0.11613842528693902,1710.24,0.2711736451432351
SOBHA,1359.6,1520.72,0.11850913055790192,1727.75,0.2707780732355541
MSUMI,42.25,36.82,-0.12855548822485025,53.67,0.27033785554232953
MTARTECH,3743.0,3090.59,-0.174301379549139,4754.77,0.27031090983274325
MUTHOOTFIN,3471.9,3092.17,-0.10937279862971068,4409.25,0.2699828952598331
SOUTHBANK,40.6,34.9,-0.14045726991290214,51.56,0.2699752935506337
JYOTICNC,803.1,904.26,0.12595898616054876,1019.65,0.269645110984493
MINDACORP,540.8,604.32,0.11745643284800403,686.58,0.26955972662687916
VARROC,525.25,586.01,0.11567842150717128,666.8,0.26949492462290026
UNIONBANK,198.13,217.04,0.09544654192109799,251.48,0.26926198705786425
ORCHPHARMA,600.1,673.29,0.12195601239995284,761.64,0.26918364097888836
ARVINDFASN,440.05,490.43,0.11448606910494212,558.32,0.2687756987750334
GODREJIND,961.85,1073.91,0.11650039533753122,1220.35,0.2687489470045897
SYMPHONY,795.65,888.68,0.11692786430872211,1009.43,0.2686824312174839
VMART,554.1,618.43,0.11609531446172588,702.84,0.2684315344653772
GODREJAGRO,607.9,675.21,0.11072268849077742,771.07,0.26840847904235304
SUBROS,752.1,837.87,0.1140412332957564,953.92,0.26833591753259456
CYIENT,899.5,1011.4,0.12440058582640469,1140.65,0.2680983550228
V2RETAIL,1940.4,2180.32,0.12364462657377175,2460.42,0.26799444895995217
KIMS,718.15,804.94,0.12085175192440895,910.6,0.26797917745556366
NFL,73.19,80.12,0.09471340844009171,92.76,0.26743150487825373
MOTILALOFS,717.5,805.95,0.12327527395502143,909.3,0.2673135551319408
GATEWAY,56.8,49.09,-0.13573768950515194,71.97,0.26710678062382
PNGJL,528.6,587.84,0.1120700812535401,669.74,0.2670155086043161
WIPRO,198.57,219.22,0.10398068402038901,251.56,0.26686562404771924
WOCKPHARMA,1310.0,1459.45,0.11408307824930392,1659.57,0.2668487861619866
HEMIPROP,139.98,152.95,0.09262422842585487,177.32,0.2667873107296655
BSE,2643.6,2939.71,0.11201130055278892,3348.76,0.2667437049837515
HCG,559.95,624.52,0.11530791616712108,709.29,0.26669470156239855
SYNGENE,412.25,456.78,0.10802169469640377,521.89,0.26595659712698366
AETHER,932.15,1045.54,0.12164649320813413,1179.97,0.26585428933433763
SJVN,70.24,63.06,-0.10219482029305578,88.91,0.26574772053566414
MASTEK,1558.8,1369.2,-0.12163287290724473,1972.7,0.2655225206279863
KAJARIACER,935.6,1046.02,0.11802069061802309,1183.93,0.2654221694516561
DCMSHRIRAM,1013.1,1136.3,0.1216095571852138,1281.99,0.2654152176258324
YATHARTH,681.2,756.76,0.11091844052960469,861.92,0.2652963834240198
AARTIPHARM,705.75,790.91,0.12066952074970941,892.85,0.2651045574480779
JUSTDIAL,549.1,615.14,0.12027731197296834,694.62,0.26502380189503194
RAMCOCEM,1099.9,1232.95,0.12096797464686082,1391.26,0.2649006635581829
AZAD,1677.0,1884.86,0.12395034803705089,2121.1,0.26481964568262384
SUDARSCHEM,858.95,961.63,0.11954313419135101,1085.72,0.26400693571976075
AFFLE,1357.8,1525.36,0.1234058556309587,1716.15,0.2639225478476493
ASHOKLEY,209.01,226.08,0.08164716999818361,264.12,0.2636731776390705
JUBLPHARMA,850.35,954.87,0.12291116452375585,1074.53,0.26363394926674716
JBMA,527.3,589.81,0.11855484439630602,666.21,0.2634350576343604
RELAXO,330.05,368.59,0.11676677207748053,416.93,0.2632394197897817
STAR,842.45,941.93,0.11808120177524438,1064.2,0.263225036928217
POLYPLEX,839.9,933.24,0.11113380287419368,1060.79,0.26299029771900906
CELLO,423.35,471.36,0.11341146582086098,534.66,0.26293427622474563
SUZLON,40.95,36.14,-0.11752738158039176,51.71,0.26269530355462284
CAMPUS,250.05,273.28,0.09291133488765076,315.71,0.2625859601253207
ORIENTCEM,150.54,164.43,0.09225339562440175,190.07,0.26257942348548824
BIRLACORPN,936.3,1049.29,0.1206770284757803,1182.12,0.26254437223702315
ANURAS,1217.7,1358.58,0.11569232435792902,1537.39,0.2625382870739274
HSCL,457.45,509.08,0.1128756151948639,577.46,0.26233737501084214
ASTERDM,644.6,715.69,0.11028223870830633,813.63,0.2622190640129954
WELENT,469.85,521.5,0.10993186835047702,593.04,0.26219471922468557
GVT&D,3772.4,3265.39,-0.13439888838592806,4761.26,0.26212976316229836
GUJGASLTD,398.05,434.66,0.09197012876048564,502.35,0.26202724550713924
RKFORGE,556.05,619.9,0.11482182856729882,701.67,0.2618871483415933
APOLLOTYRE,440.4,489.48,0.11143715077475883,555.61,0.2615982382216841
TATASTEEL,211.01,229.49,0.08758408080783256,266.21,0.2615761492722886
BANKINDIA,172.3,187.93,0.09069480332479804,217.35,0.26148361118670127
PRESTIGE,1377.3,1540.04,0.11816191916805746,1737.28,0.26136935011815726
AUBANK,951.25,1059.44,0.11372990076816318,1199.68,0.2611595046631501
APTUS,238.29,263.03,0.10382879451266969,300.51,0.261100101261433
RTNPOWER,7.99,6.87,-0.14014779405053007,10.07,0.26080730690641535
NYKAA,259.1,285.82,0.10312450253859072,326.66,0.26075165663470196
IRB,39.94,35.6,-0.10855920598603072,50.35,0.2607250233042814
BDL,1268.0,1414.77,0.11575279825336021,1598.4,0.26057113206438437
FIVESTAR,407.8,453.31,0.11160265843249723,514.06,0.2605595687104938
JKIL,510.9,569.01,0.11374432469059655,643.98,0.26047463699814016
KIRLPNU,1145.1,1273.73,0.11233479379313281,1443.13,0.2602657728354265
NSLNISP,39.86,35.1,-0.11950992815523136,50.23,0.26017480151730005
AUROPHARMA,1210.4,1347.64,0.11338135709308379,1525.25,0.2601227234493915
VSTIND,229.0,250.14,0.0923297281177905,288.54,0.2600204006325807
ALIVUS,914.35,1016.41,0.11161523622487418,1151.87,0.25977145085507963
CROMPTON,253.45,230.52,-0.09048910446648588,319.28,0.2597446975372031
PFC,406.2,444.06,0.09321742098725773,511.65,0.2596110023675413
INDIASHLTR,727.15,809.29,0.11295891141508717,915.9,0.2595747858611241
SUPRIYA,635.6,706.72,0.11189926337769131,800.54,0.25949808452458745
EMCURE,1445.3,1608.16,0.11268581891703147,1820.21,0.2593996221429855
AADHARHFC,452.6,502.37,0.10995874088719262,569.95,0.2592874726564106
ABCAPITAL,338.1,373.53,0.10477877128604085,425.74,0.25921974736217135
HINDPETRO,424.5,467.25,0.10069638160389728,534.48,0.2590764751907328
BAJAJELEC,361.25,401.09,0.11029191918971853,454.83,0.2590453812021337
CANBK,153.56,166.89,0.08681460087352313,193.33,0.25899273425821234
RRKABEL,1531.8,1706.19,0.11384822870560345,1928.38,0.2588956080337499
KFINTECH,936.0,1040.29,0.11141651823132415,1178.3,0.25887041595612675
RENUKA,23.48,20.67,-0.11964683558293214,29.56,0.25881421831531903
IPCALAB,1513.0,1681.84,0.11159267834773015,1904.4,0.2586886075103944
SFL,554.25,499.94,-0.09797979810481033,697.54,0.25853052266668025
AEGISLOG,677.85,753.16,0.1110964209007328,853.08,0.2585070273718222
CEATLTD,3459.6,3056.36,-0.11655810735431123,4353.68,0.2584340124935854
GMMPFAUDLR,910.55,1017.3,0.11723458195793754,1145.62,0.25815864036249064
PARAS,670.85,744.17,0.10928944876132167,843.96,0.2580433703276861
NESCO,1095.1,1226.02,0.11955072903991572,1377.58,0.25794654864280153
360ONE,1074.7,1197.22,0.11400591660869945,1351.46,0.2575189202780586
NIACL,142.52,155.99,0.09452943529239087,179.17,0.2571618178543614
BRIGADE,678.6,759.4,0.1190635467119101,852.9,0.25685708091995535
POLICYBZR,1468.9,1642.47,0.11816232116735716,1846.18,0.25684843011289116
NAVINFLUOR,6269.0,5515.1,-0.12025841660422401,7878.7,0.2567721135836145
HINDALCO,940.0,1041.22,0.10768121402104934,1181.36,0.2567684143406812
BEML,1650.2,1836.63,0.11297578370399262,2073.89,0.25675044851652007
KPIL,1177.0,1305.47,0.10915297000790625,1479.1,0.25667071224736643
ABSLAMC,876.4,974.29,0.1116949155415026,1101.35,0.2566701445547787
AKUMS,474.45,522.75,0.10179350902484248,596.2,0.2566200732304222
PNB,126.05,136.57,0.08344338602140669,158.37,0.2563959116265141
NAVA,576.75,638.61,0.10726323753090783,724.56,0.25627328660893306
TRITURBINE,467.0,514.65,0.10204185557270792,586.64,0.2561837430766983
NETWORK18,33.34,27.84,-0.1649858164568743,41.88,0.25614568315199754
IOC,179.11,193.42,0.0798919682838888,224.93,0.2558471872114045
LODHA,966.2,1076.09,0.1137367458546899,1213.33,0.2557756659855762
TEAMLEASE,1195.2,1325.97,0.1094134446189428,1500.64,0.2555519934861429
OLECTRA,941.3,1047.75,0.11309180683119154,1181.85,0.25554800455108345
UNOMINDA,1140.4,1273.9,0.11706136762833623,1431.06,0.2548760869116959
VENTIVE,711.4,789.63,0.10996820446667432,892.7,0.25485230457640146
AFCONS,284.3,314.59,0.106529587580628,356.75,0.2548505636336952
CENTRALBK,38.74,34.68,-0.10487612615523803,48.61,0.2548270343346204
WELCORP,817.65,907.07,0.10936181549727668,1025.99,0.25480554669626004
AGARWALEYE,448.2,496.8,0.10843731254877495,562.39,0.2547682368598845
STARCEMENT,205.42,224.55,0.09312716186714423,257.71,0.25454986396812596
PVRINOX,1016.4,1129.6,0.11137673773945854,1275.07,0.25449553419611887
TTML,39.87,34.35,-0.1384262658885568,50.01,0.25437713797550693
ONGC,282.2,306.03,0.08445483841652976,353.85,0.25389350949009903
BANDHANBNK,177.66,194.96,0.09736442663663643,222.74,0.25375075491260496
GSFC,164.66,179.15,0.08799374717436048,206.44,0.25371597139063656
GRANULES,574.4,634.61,0.10482018397121452,720.01,0.25349994229958667
RITES,203.92,222.83,0.09272913296820572,255.57,0.25326904946595674
MPHASIS,2255.5,1997.83,-0.11424025885632397,2826.05,0.2529573244534633
QUESS,191.8,210.8,0.09906100837578671,240.29,0.25283484698127434
SUNDRMFAST,846.95,936.12,0.10528068732563538,1061.01,0.2527434613755798
CHALET,784.5,869.34,0.10815156381163697,982.77,0.2527405030837292
ASKAUTOLTD,400.1,443.73,0.10905120641084254,501.21,0.2527220502724726
INFY,1288.9,1438.26,0.11587794872001507,1614.46,0.2525904182029051
IGL,166.79,181.59,0.08875772120287351,208.92,0.25256321072722715
BEL,453.95,491.4,0.08250425727777837,568.21,0.2517105134195587
SONACOMS,517.25,570.05,0.10208309712097283,647.44,0.2517006311449046
POWERMECH,2000.4,1746.84,-0.12675637293104572,2503.6,0.2515484015256637
PETRONET,308.65,335.39,0.0866486814418201,386.25,0.2514130156624787
GESHIP,1326.4,1462.73,0.10277905086553445,1659.78,0.2513390489579275
GMRAIRPORT,96.49,104.52,0.08326105639685166,120.73,0.2512040504046759
CHOICEIN,709.25,787.23,0.10994327087402023,887.42,0.2512027862224148
TEGA,1759.2,1947.58,0.1070843404739059,2200.92,0.25109231899844814
TATACOMM,1544.5,1718.95,0.11295110440337167,1931.85,0.25079042371066224
RBLBANK,313.15,341.9,0.0917967606271708,391.67,0.250753483433469
LUXIND,886.95,982.3,0.10750169306258696,1109.19,0.25056378920090916
ADANIPORTS,1470.3,1627.08,0.10662799629648835,1838.44,0.2503858870488988
CHOLAFIN,1703.7,1889.63,0.10913379757798318,2130.15,0.25030725166949375
KSL,730.15,807.5,0.10593629773942978,912.68,0.24999259933357504
MAHABANK,71.98,62.36,-0.13358360679055167,89.97,0.24993636901908836
MSTCLTD,450.25,498.13,0.10634253491230626,562.65,0.2496393603750994
SHRIPISTON,3076.0,2689.6,-0.12561683615793917,3841.86,0.24897932275849666
UTIAMC,967.0,1071.31,0.10786708432195907,1207.56,0.24877380319228373
BPCL,374.8,408.98,0.09120322070836889,467.88,0.24835454078288136
GSPL,299.15,324.6,0.08507747817895611,373.42,0.24828347239749798
INDIANB,976.65,1076.06,0.10178684161839523,1219.0,0.2481467163421304
FEDERALBNK,294.95,320.0,0.08494316849494837,368.12,0.2480710138568571
JSWENERGY,481.3,528.98,0.09905682880894513,600.5,0.24766946609762583
NUVOCO,317.75,348.74,0.09753839652889165,396.44,0.2476481677532253
ZENTEC,1345.4,1490.93,0.1081720417567758,1678.47,0.24755895358889254
GRINFRA,924.15,1024.32,0.10838649564830587,1152.89,0.24751037837633472
VOLTAS,1499.1,1647.77,0.09917037886770184,1869.68,0.24720037968722106
CMSINFO,301.45,331.02,0.09807608421019903,375.73,0.24640346460524312
ERIS,1360.4,1511.05,0.11073759862907202,1695.6,0.24640118862887136
ITCHOTELS,172.52,186.94,0.08355832874786574,214.96,0.24597385287960152
BANKBARODA,315.2,341.21,0.08252144042063582,392.72,0.24593346410295347
CAMS,651.3,722.14,0.10875978109796752,811.42,0.2458524657157561
INDGN,479.95,526.68,0.09736949942542267,597.87,0.24569759639972202
BALRAMCHIN,458.25,501.02,0.09334129653113334,570.82,0.24565955932800113
COCHINSHIP,1448.9,1602.82,0.10622908455065345,1804.52,0.24544346577342813
J&KBANK,119.93,107.9,-0.1002732479223198,149.35,0.24527749677803282
COALINDIA,426.25,465.13,0.0912237717912644,530.75,0.24516249051420294
GHCL,468.75,517.74,0.10451709329635923,583.66,0.24514137676419534
STARHEALTH,461.3,504.51,0.09367553681516032,574.31,0.2449903761427132
ACUTAAS,2191.9,1892.76,-0.1364747241212131,2728.5,0.24481046741684442
RECLTD,338.95,371.73,0.09671211532375659,421.9,0.24471817948480734
NMDC,81.26,73.0,-0.10159841580957633,101.14,0.24467235087704725
KEC,564.9,625.15,0.10665830791741607,702.92,0.2443306795057324
DELHIVERY,427.9,468.68,0.09531348084031836,532.42,0.24427054156213787
WHIRLPOOL,914.35,1009.56,0.10412996802583695,1137.51,0.24406890546513274
GAIL,165.07,177.29,0.07401546909492414,205.32,0.2438431835786427
CHOLAHLDNG,1599.9,1765.46,0.10348302357187589,1988.62,0.2429658754154499
JUBLFOOD,505.65,555.0,0.09760194904474377,628.5,0.2429530000227498
CGPOWER,711.85,782.34,0.09901863495389784,884.76,0.24290764953786048
KAYNES,3736.6,3161.75,-0.15384348491280983,4643.75,0.2427741524164642
AIAENG,3738.9,3316.06,-0.1130921609998917,4646.39,0.24271529789744997
RAINBOW,1200.5,1321.22,0.1005579807790744,1491.28,0.24221381093106567
GODREJPROP,1733.5,1915.05,0.10472948370218585,2153.27,0.24215430486377704
SHYAMMETL,838.9,921.7,0.09870017338926947,1041.96,0.24205096523530328
CARBORUNIV,806.95,886.46,0.09853343399911736,1002.26,0.24204091820368004
LAURUSLABS,1065.0,1171.59,0.10008730637380321,1322.71,0.2419809011407324
EXIDEIND,322.8,353.09,0.09382314838892195,400.9,0.24194192366524067
MOTHERSON,128.65,115.81,-0.09982143706757451,159.77,0.24190270624884128
NHPC,73.14,78.53,0.07364972467784166,90.82,0.24169681018929612
POWERGRID,296.8,319.3,0.07581504436231987,368.53,0.24166115008724592
3MINDIA,35675.0,31625.13,-0.11352134984850024,44285.62,0.2413628211688298
KIRLOSBROS,1534.1,1688.51,0.10065244064381718,1904.25,0.24128391044907258
TORNTPOWER,1554.9,1707.57,0.09818564951082766,1930.0,0.24123676187620943
SANOFICONR,4426.4,3779.9,-0.14605464137224267,5493.85,0.24115478709824612
HCLTECH,1371.0,1511.43,0.10243134352563413,1701.37,0.2409667410959397
IOB,35.2,31.55,-0.10359231387880943,43.67,0.24059471785202996
ACE,867.0,953.19,0.09940814772941939,1075.49,0.2404676779709082
NTPCGREEN,87.73,93.51,0.06589932483214898,108.78,0.23990781318458035
MEDPLUS,839.85,926.21,0.10282278290783804,1041.27,0.23982396260309666
INDIGOPNTS,918.25,1018.3,0.10895854368522616,1138.32,0.23966322318728228
APLLTD,705.25,778.0,0.10314955853202802,874.06,0.23936156500685146
AARTIDRUGS,357.3,388.05,0.08606627449802207,442.65,0.23886956837327816
BALKRISIND,2302.6,2030.85,-0.11801797056419913,2852.47,0.2388036568699623
JKLAKSHMI,686.65,756.47,0.10168527500289641,850.52,0.23865758359132452
PATANJALI,502.8,550.61,0.09508501155672106,622.77,0.2385943523086755
SUMICHEM,397.8,437.1,0.09879113257382018,492.66,0.23845510623503932
GULFOILLUB,1072.7,1185.25,0.10492676379229943,1328.31,0.23828984601452394
EMAMILTD,458.7,501.53,0.09337513823381967,567.64,0.23749653070403812
SUNDARMFIN,5301.0,4703.04,-0.11280200700116073,6559.61,0.2374285362250004
PNBHOUSING,813.3,898.7,0.10500864172056883,1006.39,0.23741654887445277
GRSE,2370.7,2087.99,-0.119250480832706,2933.33,0.23732860883281998
IRCTC,568.95,630.24,0.10773072928597667,703.96,0.2372883906455317
TITAGARH,671.35,741.96,0.1051736477931421,830.48,0.23703496041105956
DODLA,1127.8,1241.19,0.10054470316637486,1395.02,0.2369410988928911
TATAELXSI,4449.3,3916.34,-0.1197858406997262,5501.8,0.2365550043374881
VIJAYA,979.1,1076.09,0.09906528174285105,1209.99,0.23581948270877912
CDSL,1228.3,1356.02,0.10398204068008955,1517.64,0.2355588689372678
DLF,590.2,650.86,0.10278458531143506,729.2,0.2355154111509884
EIDPARRY,870.5,957.36,0.09978667421960144,1075.49,0.235481869635521
SIEMENS,3341.6,3046.98,-0.08816689673774733,4127.06,0.23505422206647952
NTPC,377.55,407.19,0.0784977881025261,466.28,0.23500909191660554
CLEAN,742.25,816.14,0.099545427705556,916.47,0.23471597523855656
FORTIS,932.5,1019.36,0.0931487555346057,1151.03,0.2343469289259945
MEDANTA,1130.0,1237.84,0.09542961176281999,1394.21,0.23381041877623607
JINDALSTEL,1237.8,1352.5,0.09266830290958991,1526.16,0.23296099428170067
MAHSEAMLES,553.15,602.24,0.08874486195985788,681.92,0.23279575049518425
GODIGIT,331.95,362.34,0.09155973230982356,409.07,0.2323356450640354
INDUSTOWER,448.55,490.07,0.09257446277055295,552.68,0.23215758701609507
CHAMBLFERT,448.15,488.82,0.09076066115828663,552.0,0.23173966869299453
SHRIRAMFIN,1052.5,1146.35,0.08917063422555557,1296.05,0.23140056760921804
TIINDIA,2837.6,2482.86,-0.12501490896003853,3492.75,0.2308813211137734
CRAFTSMAN,7667.5,6728.37,-0.12248213256906945,9435.61,0.23059767507135692
GRAVITA,1561.2,1717.5,0.10011480969031145,1921.0,0.23046458947631762
AAVAS,1240.1,1366.08,0.10158667620525487,1525.46,0.23011408558958044
AMBUJACEM,490.75,536.04,0.09228854148208204,603.55,0.2298437663339261
AWL,180.29,196.05,0.08738899246877288,221.7,0.22968060970138002
FINEORG,4467.2,3862.35,-0.13539836483447634,5492.58,0.22953449363685205
LTTS,3443.2,3010.32,-0.12571908204033688,4232.92,0.2293577273760023
INDHOTEL,651.0,710.89,0.09199321747370803,800.03,0.22893156689533548
NIVABUPA,73.8,68.73,-0.06866049014732427,90.68,0.22875495532412554
INOXINDIA,1129.7,1234.59,0.0928437721949086,1387.99,0.22863480413602552
RADICO,2609.0,2358.58,-0.09598479625957958,3205.36,0.22857685902564825
VBL,445.3,485.97,0.09133465645599886,547.06,0.2285122693581851
LALPATHLAB,1405.9,1544.22,0.09838617370207503,1726.66,0.22815371342782217
TATAPOWER,368.35,401.03,0.0887334621070469,452.35,0.22804498302460224
PHOENIXLTD,1648.6,1821.01,0.10457675308517396,2024.46,0.22798665137865956
BAJAJHFL,85.28,90.81,0.06489294046952056,104.69,0.22760862219231562
DIXON,10151.0,8658.88,-0.1469923116642231,12461.2,0.22758309151737907
JSWINFRA,251.7,273.23,0.08555724043388406,308.97,0.22752884019862948
ATGL,492.85,539.4,0.09444574473945255,604.94,0.2274301181699927
ZFCVINDIA,14693.0,13058.52,-0.11124185514722686,18029.55,0.2270841836900704
INDUSINDBK,942.5,1031.21,0.09412487341055506,1156.43,0.22698024853754606
SBICARD,746.5,817.08,0.0945485395510263,915.89,0.22691653656161884
ARE&M,824.45,902.79,0.09501746150436582,1011.49,0.22687055126622793
ITC,314.9,339.19,0.07713009120622483,386.3,0.22673922734583088
BIOCON,387.95,420.55,0.08402203016117141,475.87,0.2266333656247326
DEEPAKNTR,1545.9,1687.63,0.09168173085796322,1895.89,0.2264008253294333
JIOFIN,249.0,268.09,0.07668248006224809,305.32,0.22619830484987996
BBL,2398.3,2119.71,-0.11616010916982977,2940.65,0.22613970405830372
GICRE,372.45,405.16,0.0878276842294377,456.59,0.22589787647715337
AKZOINDIA,2892.9,2619.25,-0.0945938370929621,3545.31,0.22552169231189498
TIMKEN,3373.1,3056.5,-0.09386048795856516,4132.95,0.22526726036655617
BERGEPAINT,447.4,485.53,0.08522050818107184,548.1,0.22508548281222138
VOLTAMP,8814.5,7745.02,-0.12133210184895453,10796.41,0.22484654584090472
NH,1787.0,1956.25,0.09471183642394351,2186.05,0.22330458079667712
DRREDDY,1294.4,1425.7,0.10143415467042233,1583.21,0.2231217232151753
GLAND,1794.8,1950.59,0.08679898911550385,2194.93,0.2229397985756031
BHARATFORG,1879.3,2038.92,0.08493770808404215,2298.1,0.22285133911829977
MGL,1207.3,1310.01,0.08507633336933078,1475.07,0.22179417784879965
CONCOR,479.0,516.74,0.07878672633024002,585.1,0.22150460477713882
ASTRAL,1669.8,1820.31,0.09013881742992691,2039.03,0.22112244666712216
GNFC,441.1,477.55,0.08263945827784776,538.63,0.2210966154963649
LINDEINDIA,6664.5,5873.88,-0.11863141399285924,8135.38,0.22070360702600827
BAJFINANCE,978.25,1062.45,0.08607092204617722,1194.08,0.22062819925262095
LICHSGFIN,527.95,570.08,0.07979981915884607,644.38,0.22053866837974048
THERMAX,3101.8,2763.47,-0.1090749555395187,3785.81,0.22052006712957267
BHARTIHEXA,1595.3,1737.26,0.088987763572305,1946.05,0.21986608052660536
OBEROIRLTY,1490.7,1631.97,0.09476638653638626,1817.77,0.21940701844797011
SRF,2537.0,2758.37,0.0872554320692691,3091.9,0.21872234846894859
BBTC,1644.2,1788.51,0.08776802738692001,2003.68,0.21863229754947175
BATAINDIA,769.5,843.18,0.09575698233803717,937.54,0.2183702913309278
INGERRAND,3921.7,3570.92,-0.08944481183039447,4777.02,0.21809927677391674
KEI,5206.0,4680.77,-0.10088895436836781,6341.38,0.21808973605014945
ENDURANCE,2654.1,2392.11,-0.09871067986086839,3232.67,0.21799031929353993
FLUOROCHEM,3316.8,2905.36,-0.1240468109434156,4039.42,0.21786756025095277
MARICO,779.15,838.21,0.07580323865879385,948.81,0.21774772542468526
TATATECH,580.4,633.98,0.0923201876397901,706.77,0.2177358420778951
TCS,2613.5,2822.81,0.0800864432205815,3180.72,0.2170339306679713
ETHOSLTD,2385.7,2114.34,-0.11374327014438566,2903.41,0.2170075428231485
TATACHEM,710.45,771.73,0.08625346713268699,863.72,0.21573012583810813
BIKAJI,631.15,679.56,0.0766976430493162,766.62,0.21464360255759618
CAPLIPOINT,1672.9,1817.06,0.0861761595890426,2031.92,0.2146079877788569
ESCORTS,3397.4,3054.04,-0.10106405573312423,4125.98,0.21445226573504578
BLUESTARCO,1902.5,2054.76,0.08003081620215644,2309.35,0.21384847135546728
MAZDOCK,2209.8,1973.91,-0.1067463488490159,2682.31,0.2138247568356628
SOLARINDS,13989.0,12606.92,-0.09879778211609445,16974.73,0.21343391647208665
SCHAEFFLER,4305.7,3806.34,-0.11597753789477146,5223.17,0.2130835006476846
ALKYLAMINE,1437.8,1561.68,0.0861567565838426,1741.7,0.21136311785417697
GODREJCP,1176.0,1272.47,0.08202896719584306,1423.78,0.21069544631015735
METROPOLIS,1858.8,1692.61,-0.08940509444804129,2249.89,0.21039702274469635
JKCEMENT,5608.0,5051.13,-0.09929897975196944,6784.08,0.20971402039781287
VINATIORGA,1412.6,1531.75,0.08434991036723505,1708.74,0.20964321453091564
KOTAKBANK,413.1,445.59,0.07865032129686211,499.58,0.20934755234238853
DABUR,507.6,550.45,0.08441045494504679,613.81,0.2092475188630225
ABB,5983.0,5342.98,-0.10697321615931833,7234.31,0.20914485455292664
HAVELLS,1354.0,1471.88,0.08706017948712244,1636.54,0.2086738070368396
SBIN,1189.9,1279.99,0.07570907709543852,1437.5,0.20808250129647776
AMBER,7884.5,7061.12,-0.10443076403678461,9523.57,0.2078852006901172
JSWSTEEL,1267.3,1371.56,0.08227072638049585,1530.68,0.20782933248709787
NESTLEIND,1279.7,1391.76,0.08756644634826691,1545.31,0.20755441387560758
AXISBANK,1372.3,1480.66,0.07896047892347324,1656.87,0.20736587453738647
MAXHEALTH,1083.6,1170.07,0.07979556880233987,1307.58,0.20669892988408448
RELIANCE,1358.0,1469.71,0.08225762449828916,1637.95,0.20614986571795418
LICI,841.95,911.22,0.08227256145225177,1015.01,0.20554474648213286
PTCIL,18009.0,16287.0,-0.09561870516023994,21703.33,0.2051381978474706
ATUL,6531.0,5891.09,-0.09798003564569739,7866.72,0.20451949759978744
POWERINDIA,25500.0,22201.5,-0.12935298154790464,30707.44,0.20421336317781313
COROMANDEL,2179.8,1973.98,-0.0944230303931745,2624.77,0.20413277680957814
ICICIPRULI,653.55,705.34,0.07924668936849955,786.64,0.20363635086929813
LMW,14497.0,12755.76,-0.12011012652702018,17444.26,0.20330156846088882
DALBHARAT,1959.5,1804.22,-0.0792423553681192,2355.5,0.2020941450275963
ADANIENT,2124.6,1928.33,-0.09238154799988038,2553.05,0.20166149350129928
DOMS,2259.6,2029.05,-0.10203217801784907,2714.68,0.2013991917226699
TATACONSUM,1125.2,1217.91,0.08238989261710992,1351.06,0.20073298625300753
PIIND,3099.4,2782.69,-0.10218443350955711,3719.52,0.20007680132409886
PRIVISCL,2976.5,2721.64,-0.08562512771079427,3571.43,0.19987656110532248
GLENMARK,2123.3,2284.72,0.0760251471544631,2546.04,0.19909681082094052
MFSL,1806.8,1938.42,0.0728469663651626,2166.03,0.19882288798821762
HYUNDAI,2148.0,1946.67,-0.09373004353825796,2574.92,0.19875119332246544
HDFCLIFE,707.3,763.47,0.07941519019536908,847.65,0.19843023956452965
HAL,3951.6,3601.89,-0.08849924845579475,4727.4,0.19632547214904456
SUPREMEIND,3954.2,3646.45,-0.0778285671687552,4730.31,0.1962759420756721
LT,4066.7,3741.35,-0.08000404776894876,4861.04,0.1953285887937311
CRISIL,4316.8,3835.33,-0.11153390725514926,5157.25,0.19469323660747326
HDFCBANK,879.4,943.24,0.07260022698977457,1050.58,0.1946547740240105
ZYDUSLIFE,906.9,971.37,0.07108967233655973,1082.75,0.19389895664670287
TVSMOTOR,3813.1,3507.5,-0.08014468691040856,4550.96,0.19350673899716564
AJANTPHARM,2967.8,2746.03,-0.07472425975586167,3539.63,0.1926789510718673
CUMMINSIND,4816.8,4360.45,-0.09474115045465374,5744.69,0.1926369645509989
HEROMOTOCO,5591.5,5064.41,-0.09426568806771643,6667.75,0.19247895219431277
MAHSCOOTER,13218.0,12051.68,-0.08823701478392394,15753.59,0.19182828116648323
JBCHEPHARM,2077.4,2224.14,0.07063568939715445,2475.65,0.19170496476920668
BASF,3589.4,3231.69,-0.0996577190576699,4274.71,0.19092540614751088
EICHERMOT,7826.0,7179.25,-0.08264183032102326,9319.84,0.19088126064525313
PFIZER,4911.5,4423.6,-0.09933787436706587,5848.02,0.19067994614897066
ICICIBANK,1374.0,1473.43,0.0723635377630036,1635.23,0.19012055806441547
UNITDSPR,1366.6,1467.24,0.07363919320119085,1624.22,0.18851301489773634
GLAXO,2532.6,2290.11,-0.09574724517342924,3009.07,0.18813636746834436
CASTROLIND,185.82,195.13,0.050082425757117056,220.77,0.18806949765420877
TRENT,3848.5,3484.58,-0.09456248514647238,4571.89,0.18796727754988782
APLAPOLLO,2222.3,2072.93,-0.06721260424984586,2637.76,0.1869515399625916
PIDILITIND,1465.5,1571.8,0.07253551681956683,1739.44,0.18692914968675692
BAJAJHLDNG,10695.0,9740.69,-0.08922940006001884,12683.22,0.18590225037441266
INDIGO,4520.4,4155.01,-0.08083120220074667,5358.13,0.18532113578092166
OFSS,6848.0,6103.83,-0.10866896637115225,8115.07,0.1850279672817604
TORNTPHARM,4369.2,3990.95,-0.08657112361192865,5177.06,0.18489963246580376
RBA,63.28,59.32,-0.06253259299115173,74.97,0.184773756081626
M&M,3334.3,3040.98,-0.08797182584309134,3946.84,0.1837094139322013
MRF,138825.0,126852.39,-0.08624246954469889,164278.17,0.18334718820496962
ASIANPAINT,2307.1,2464.33,0.06814949626419319,2729.9,0.18326156856109932
CIPLA,1351.6,1450.41,0.0731040999645653,1598.84,0.18292720774414145
HDFCAMC,2649.8,2422.94,-0.0856133218271529,3133.02,0.18236087050357636
POLYCAB,8548.5,7745.46,-0.09393930730304881,10102.76,0.18181648810400167
ACC,1553.2,1667.33,0.07348321447919823,1832.36,0.1797312832867508
ALKEM,5566.0,5050.31,-0.09264963281315401,6559.38,0.17847235915971157
BHARTIARTL,1873.2,1994.7,0.06486029442657791,2205.42,0.1773531102555879
BLUEDART,5537.5,5071.83,-0.08409417787931465,6518.93,0.17723352346889573
PAGEIND,31175.0,28492.92,-0.08603304461643892,36656.7,0.1758362907221867
TITAN,4270.3,4015.97,-0.05955688914914346,5018.14,0.17512491316330223
CERA,4784.8,4284.87,-0.10448387440963303,5621.5,0.17486688880999499
DIVISLAB,6403.5,5828.04,-0.08986686410157446,7516.29,0.17377907946645996
UBL,1589.9,1489.21,-0.0633313089250952,1865.62,0.17342110337874952
INDIAMART,2113.8,1918.92,-0.09219328735912428,2478.65,0.17260608725892862
MANKIND,2245.5,2029.13,-0.09635838732048667,2632.04,0.17214127811328378
ICICIGI,1895.5,1754.82,-0.07421627593462629,2218.25,0.1702722348156591
DMART,3802.5,3484.58,-0.08360944269391186,4448.82,0.16997275741611262
BAJAJ-AUTO,9776.0,9116.58,-0.06745264160262893,11433.6,0.16955834840214168
BAYERCROP,4554.1,4181.15,-0.08189288580354555,5321.58,0.16852597557289348
BOSCHLTD,35370.0,31868.13,-0.09900690489958304,41317.01,0.16813714316865835
GRASIM,2777.3,2574.21,-0.07312352100735262,3237.3,0.1656268832294062
SUNPHARMA,1752.5,1849.36,0.05526884112031479,2041.17,0.16472111171663084
LUPIN,2311.1,2174.07,-0.05929158436766944,2689.41,0.16369225865604126
MARUTI,14388.0,13227.09,-0.08068613836818093,16735.91,0.1631849564363485
BAJAJFINSV,1941.9,1829.92,-0.05766598840416371,2257.8,0.16267479791817585
SBILIFE,2032.2,1904.52,-0.06283022995071189,2358.95,0.16078608876588443
BRITANNIA,5959.0,5573.09,-0.06476098565446975,6914.24,0.16030159929142465
ASTRAZEN,8801.0,8116.49,-0.07777686459611806,10207.17,0.15977396374125652
GILLETTE,8163.0,7454.97,-0.08673627629095426,9466.16,0.1596418183010076
ANANDRATHI,3148.5,2900.98,-0.07861564318016709,3649.53,0.15913424128128104
HINDUNILVR,2320.6,2157.66,-0.07021425354113986,2687.85,0.1582572077644301
COLPAL,2214.9,2049.79,-0.07454283108369014,2564.33,0.1577614728852388
SHREECEM,26125.0,23776.9,-0.08987951792358966,30096.55,0.15202118712402077
SANOFI,3859.5,3567.89,-0.07555735560871642,4443.1,0.15121116264523185
ULTRACEMCO,12521.0,11695.9,-0.06589723662466163,14405.59,0.15051407917583984
HONAUT,30320.0,27441.27,-0.09494484530252982,34745.8,0.14596967466914043
STYRENIX,1919.9,1756.94,-0.08488000988132598,2193.87,0.14269827796736087
PGHH,11220.0,10569.97,-0.05793526085251581,12787.6,0.13971462686394603
APOLLOHOSP,7791.5,7261.03,-0.06808323685507692,8877.88,0.13943187298489934
ABBOTINDIA,26805.0,24841.47,-0.07325229291263116,30313.04,0.13087268934511245
